Id,Category
0,Betty White
1,Annette Bening
2,Adrien Brody
3,Adriana Barraza
4,Albert Brooks
5,Aaron Taylor-Johnson
6,Amber Heard
7,Adele
8,Ava Gardner
9,Alex Pettyfer
10,Anna Faris
11,Anthony Perkins
12,Bill Hader
13,Barabara Palvin
14,Benjamin Bratt
15,Albert Brooks
16,Alessandra Ambrosio
17,Alan Arkin
18,Akemi Darenogare
19,Anderson Cooper
20,Ashley Graham
21,Ashley Greene
22,Benedict Cumberbatch
23,Adele
24,Ashley Greene
25,Alan Rickman
26,Anna Sui
27,Andy Serkis
28,Adrien Brody
29,Abigail Breslin
30,Angela Bassett
31,Ava Gardner
32,Amy Adams
33,Al Pacino
34,Andrew Garfield
35,Andreea Diaconu
36,Andrew Garfield
37,Ashton Kutcher
38,Anna Paquin
39,Alessandra Ambrosio
40,Alx James
41,bella thorne
42,Anderson Cooper
43,Anne Baxter
44,Betty White
45,Amy Ryan
46,Barbra Streisand
47,Alexandra Daddario
48,Andy Garcia
49,Alessandra Ambrosio
50,Aaron Paul
51,Ava Gardner
52,Benjamin Bratt
53,Bella Hadid
54,Arnold Schwarzenegger
55,Alice Eve
56,Adele
57,Andrew Lincoln
58,Bill O Reilly
59,Alec Baldwin
60,Anderson Cooper
61,Armin Mueller-Stahl
62,Audrey Tautou
63,Ben Kingsley
64,Andy Garcia
65,Aaron Judge
66,Andreea Diaconu
67,Bill Pullman
68,Alexandra Daddario
69,Bernie Mac
70,Anne Baxter
71,Benicio Del Toro
72,Analeigh Tipton
73,Adele
74,Bernie Mac
75,Albert Finney
76,Anne Hathaway
77,Alexandra Daddario
78,Al Roker
79,Anna Friel
80,Art Carney
81,Andreea Diaconu
82,Abigail Breslin
83,Anna Kendrick
84,Albert Brooks
85,Anjelica Huston
86,Adriana Lima
87,Angelina Jolie
88,Armin Mueller-Stahl
89,Anthony Mackie
90,Abigail Breslin
91,Benicio Del Toro
92,Amanda Seyfried
93,Aaron Paul
94,Alicia Vikander
95,Alx James
96,Amanda Crew
97,Ben Kingsley
98,Adele
99,Amber Heard
100,Adriana Lima
101,Andrew Lincoln
102,Ashley Judd
103,Barbra Streisand
104,Barbra Streisand
105,Andrew Garfield
106,Anna Paquin
107,Barabara Palvin
108,Ashley Judd
109,Bill Rancic
110,Bella Hadid
111,Amy Adams
112,Bernie Mac
113,Aaron Judge
114,Anthony Mackie
115,Andrew Garfield
116,Abigail Breslin
117,Aaron Paul
118,Anna Friel
119,Billy Bob Thornton
120,Anne Hathaway
121,Audrey Tautou
122,Aaron Paul
123,Alx James
124,Bill O Reilly
125,Adriana Barraza
126,Andrew Luck
127,Alice Eve
128,Berenice Bejo
129,Bill Paxton
130,Alan Alda
131,Anne Hathaway
132,Anna Faris
133,Andrew Luck
134,Arnold Schwarzenegger
135,Adriana Barraza
136,Amanda Peet
137,Albert Finney
138,Ashley Judd
139,Adriana Lima
140,Adele
141,Amy Adams
142,Annette Bening
143,Beyonce Knowles
144,Alec Baldwin
145,Alexandra Daddario
146,Billy Bob Thornton
147,Barbra Streisand
148,Andrew Garfield
149,Aaron Paul
150,Bill Murray
151,Ava Gardner
152,Billy Bob Thornton
153,Andy Samberg
154,Ben Johnson
155,Ava Gardner
156,Armin Mueller-Stahl
157,Bette Midler
158,Benicio Del Toro
159,Anna Friel
160,Anna Paquin
161,Ben Foster
162,Anna Faris
163,Alex Pettyfer
164,Akemi Darenogare
165,Amy Schumer
166,Andy Samberg
167,Andrew Garfield
168,Al Roker
169,Ashley Judd
170,Amanda Bynes
171,Bette Midler
172,Adele
173,Armin Mueller-Stahl
174,Beyonce Knowles
175,Adriana Barraza
176,AnnaSophia Robb
177,Amanda Seyfried
178,Adele
179,Barbra Streisand
180,Albert Brooks
181,Ashley Graham
182,Andrew Lincoln
183,Analeigh Tipton
184,Alexandra Daddario
185,Ben Foster
186,Alan Alda
187,bella thorne
188,Annette Bening
189,Bill Hader
190,Berenice Bejo
191,Amanda Bynes
192,Anjelica Huston
193,Alexis Thorpe
194,Adele
195,Andreea Diaconu
196,Amy Ryan
197,Andy Serkis
198,Bette Midler
199,Audrey Hepburn
200,Ashley Greene
201,Andy Garcia
202,Antonio Banderas
203,Alessandra Ambrosio
204,Ben Johnson
205,Ben Foster
206,Abigail Breslin
207,Barabara Palvin
208,Betty White
209,Amanda Bynes
210,Anthony Mackie
211,Alan Rickman
212,Bill Rancic
213,Amanda Bynes
214,Anthony Mackie
215,Anna Kendrick
216,Andrew Lincoln
217,Barbra Streisand
218,Ben Stiller
219,Bill Pullman
220,Anna Faris
221,Abigail Breslin
222,Anne Baxter
223,Adele
224,Angelina Jolie
225,Benedict Cumberbatch
226,Anna Kendrick
227,Adele
228,Armin Mueller-Stahl
229,Anna Paquin
230,Alx James
231,Antonio Banderas
232,Amy Schumer
233,Angela Bassett
234,Ava Gardner
235,Alexander Skarsgard
236,Adrianne Palicki
237,Adriana Lima
238,Andrew Garfield
239,Angelina Jolie
240,Ben Kingsley
241,Anthony Hopkins
242,Anna Kendrick
243,Ashton Kutcher
244,Alan Arkin
245,Alexandra Daddario
246,Bill Murray
247,Aaron Taylor-Johnson
248,Andrew Luck
249,Benicio Del Toro
250,Andy Samberg
251,Al Roker
252,Alx James
253,Angelina Jolie
254,Ashley Judd
255,Amy Schumer
256,Anthony Perkins
257,Ashley Graham
258,Andreea Diaconu
259,Anna Kendrick
260,Alexandra Daddario
261,Ashley Judd
262,Amber Heard
263,Ava Gardner
264,Bella Hadid
265,Alicia Vikander
266,Barabara Palvin
267,Bill O Reilly
268,Amy Adams
269,Benedict Cumberbatch
270,Anna Paquin
271,Akemi Darenogare
272,Beyonce Knowles
273,Barbra Streisand
274,Adele
275,Benicio Del Toro
276,Andrew Garfield
277,Beyonce Knowles
278,Analeigh Tipton
279,Anne Bancroft
280,Adriana Lima
281,Amber Heard
282,Andrew Luck
283,Alan Alda
284,Anjelica Huston
285,Anderson Cooper
286,Aaron Taylor-Johnson
287,Ali Larter
288,Anne Baxter
289,Aaron Paul
290,Alexander Skarsgard
291,Bill Hader
292,bella thorne
293,Alan Arkin
294,Bette Midler
295,Andy Serkis
296,Amy Schumer
297,Alan Alda
298,Alex Pettyfer
299,Andrew Lincoln
300,Albert Finney
301,Bill Pullman
302,Amanda Seyfried
303,Antonio Banderas
304,Amy Adams
305,Albert Finney
306,Analeigh Tipton
307,Antonio Banderas
308,Anna Faris
309,Alexis Thorpe
310,Aaron Judge
311,Andy Garcia
312,Aaron Paul
313,Amber Heard
314,Anthony Perkins
315,Aaron Judge
316,Andie MacDowell
317,Andrew Luck
318,Adele
319,Ashton Kutcher
320,Ben Kingsley
321,Alicia Vikander
322,Adrien Brody
323,Antonio Banderas
324,Ben Johnson
325,Alice Eve
326,Bette Midler
327,Barry Pepper
328,Bill Hader
329,Anjelica Huston
330,Andreea Diaconu
331,Anna Faris
332,Anthony Mackie
333,Anthony Hopkins
334,Ali Larter
335,Anthony Perkins
336,Audrey Tautou
337,Ava Gardner
338,Adrianne Palicki
339,Alexander Skarsgard
340,Andrew Lincoln
341,Ben Johnson
342,Alx James
343,Andrew Luck
344,Andy Serkis
345,Angelina Jolie
346,Aaron Paul
347,Ben Affleck
348,Anderson Cooper
349,Benjamin Bratt
350,Abigail Breslin
351,Andrew Luck
352,Ashley Judd
353,Billy Bob Thornton
354,Benjamin Bratt
355,Andrew Garfield
356,Barabara Palvin
357,Analeigh Tipton
358,Alan Rickman
359,Amanda Peet
360,Abigail Breslin
361,Anna Sui
362,Bette Midler
363,Amy Schumer
364,Angelina Jolie
365,Antonio Banderas
366,Ben Affleck
367,Angela Bassett
368,Barabara Palvin
369,Albert Brooks
370,Berenice Bejo
371,Andrew Garfield
372,Al Roker
373,Anthony Hopkins
374,Benicio Del Toro
375,Albert Brooks
376,Amanda Bynes
377,Ashley Graham
378,Andy Garcia
379,Andrew Lincoln
380,Audrey Tautou
381,Ashley Graham
382,Alex Pettyfer
383,Alicia Vikander
384,Andy Garcia
385,Bill Daley
386,Adrien Brody
387,Antonio Banderas
388,Al Roker
389,Anna Paquin
390,Albert Finney
391,AnnaSophia Robb
392,Bill Hader
393,Bette Midler
394,Andrew Lincoln
395,Adam Sandler
396,Betty White
397,Anne Baxter
398,Adam Sandler
399,AnnaSophia Robb
400,Anthony Mackie
401,Bella Hadid
402,Albert Brooks
403,Ben Kingsley
404,Ben Kingsley
405,Anthony Perkins
406,Amy Schumer
407,Aaron Paul
408,Ben Foster
409,Adriana Lima
410,Audrey Tautou
411,Barabara Palvin
412,Adrien Brody
413,Alex Pettyfer
414,Alexis Thorpe
415,Adele
416,Benedict Cumberbatch
417,Ben Stiller
418,Albert Brooks
419,Bernie Mac
420,Alexandra Daddario
421,Al Pacino
422,Andy Garcia
423,Alx James
424,Ashton Kutcher
425,Berenice Bejo
426,Andy Samberg
427,Bill Hader
428,Andreea Diaconu
429,Anna Paquin
430,Anthony Mackie
431,Alan Rickman
432,Aaron Judge
433,Alan Alda
434,Adriana Barraza
435,Anthony Perkins
436,Bernie Mac
437,Aaron Paul
438,Anderson Cooper
439,Ben Kingsley
440,Amy Ryan
441,Alice Eve
442,Alexandra Daddario
443,Alice Eve
444,Alex Pettyfer
445,Benjamin Bratt
446,Bernie Mac
447,Anjelica Huston
448,Annette Bening
449,Amber Heard
450,Angela Bassett
451,Amy Schumer
452,Antonio Banderas
453,Alicia Vikander
454,Angela Bassett
455,Alexander Skarsgard
456,Aaron Taylor-Johnson
457,Andy Murray
458,Alex Pettyfer
459,Adrien Brody
460,AnnaSophia Robb
461,Andie MacDowell
462,Bette Midler
463,Antonio Banderas
464,Amanda Crew
465,Andy Garcia
466,Alexandra Daddario
467,Aaron Judge
468,Amanda Seyfried
469,Ben Affleck
470,Antonio Banderas
471,Billy Bob Thornton
472,Andy Murray
473,Aaron Taylor-Johnson
474,Amy Adams
475,Abigail Breslin
476,Ali Larter
477,Alan Alda
478,Antonio Banderas
479,Bill O Reilly
480,Benedict Cumberbatch
481,Andy Garcia
482,Arnold Schwarzenegger
483,Andy Garcia
484,Abigail Breslin
485,Abigail Breslin
486,Alan Rickman
487,Annette Bening
488,Ava Gardner
489,Alec Baldwin
490,Berenice Bejo
491,Ali Larter
492,Abigail Breslin
493,Barabara Palvin
494,Adam Sandler
495,Barabara Palvin
496,Benicio Del Toro
497,Alexander Skarsgard
498,Armin Mueller-Stahl
499,Abigail Breslin
500,Abigail Breslin
501,Anderson Cooper
502,Alan Alda
503,Adrien Brody
504,Barbra Streisand
505,Alan Arkin
506,Alx James
507,Ashley Greene
508,Benjamin Bratt
509,bella thorne
510,Antonio Banderas
511,Anne Hathaway
512,Alx James
513,Benicio Del Toro
514,Ava Gardner
515,Ben Johnson
516,Alessandra Ambrosio
517,Anna Paquin
518,Al Pacino
519,Ben Kingsley
520,Barabara Palvin
521,Ali Larter
522,Anna Paquin
523,Bill Hader
524,Ben Kingsley
525,Albert Brooks
526,Audrey Hepburn
527,Bill Murray
528,Albert Finney
529,Adam Sandler
530,Andrew Garfield
531,Anjelica Huston
532,Abigail Breslin
533,Angela Bassett
534,Ben Kingsley
535,Amy Ryan
536,Angelina Jolie
537,Adele
538,Art Carney
539,Bernie Mac
540,Albert Brooks
541,Akemi Darenogare
542,Anna Faris
543,Anna Friel
544,Alan Rickman
545,Andrew Luck
546,Alicia Vikander
547,Alicia Vikander
548,Audrey Hepburn
549,Anderson Cooper
550,Amanda Peet
551,Adrianne Palicki
552,Benedict Cumberbatch
553,Andy Garcia
554,Anna Paquin
555,Alexis Thorpe
556,Anthony Mackie
557,Alexander Skarsgard
558,Andrew Garfield
559,Bill Hader
560,Anne Bancroft
561,Benedict Cumberbatch
562,Anthony Hopkins
563,Akemi Darenogare
564,Anthony Perkins
565,Benjamin Bratt
566,Al Pacino
567,Andy Garcia
568,Alex Pettyfer
569,Ben Stiller
570,Alex Pettyfer
571,Bill Daley
572,Anna Friel
573,Angelina Jolie
574,Bella Hadid
575,Andy Serkis
576,Anderson Cooper
577,Benicio Del Toro
578,Bill O Reilly
579,Andie MacDowell
580,Bette Midler
581,Andy Serkis
582,Andie MacDowell
583,Alicia Vikander
584,Anderson Cooper
585,Aaron Judge
586,Andy Garcia
587,Bernie Mac
588,Anderson Cooper
589,Alec Baldwin
590,Al Roker
591,Bella Hadid
592,Aaron Judge
593,Ben Affleck
594,Ashton Kutcher
595,bella thorne
596,Bill Daley
597,Alex Pettyfer
598,Al Roker
599,Amanda Seyfried
600,Aaron Paul
601,Alan Alda
602,Anne Baxter
603,Anna Friel
604,Ben Foster
605,Akemi Darenogare
606,Adele
607,Amanda Bynes
608,Beyonce Knowles
609,Akemi Darenogare
610,Amy Schumer
611,Adele
612,Benicio Del Toro
613,Beyonce Knowles
614,Anthony Perkins
615,Amber Heard
616,Andrew Garfield
617,Ali Larter
618,Betty White
619,Art Carney
620,Bill Rancic
621,Amy Adams
622,Bill Hader
623,Bill Rancic
624,Alec Baldwin
625,Anna Faris
626,Adrien Brody
627,Aaron Taylor-Johnson
628,Anthony Mackie
629,Ashley Greene
630,Alan Rickman
631,Albert Brooks
632,Adrien Brody
633,Andrew Luck
634,Adriana Lima
635,Adele
636,Alex Pettyfer
637,Audrey Tautou
638,Ashley Greene
639,Albert Finney
640,Adrien Brody
641,Anthony Perkins
642,Antonio Banderas
643,Andy Samberg
644,Amy Ryan
645,Bill Paxton
646,Barabara Palvin
647,Ben Johnson
648,Alice Eve
649,Alan Rickman
650,Ashley Judd
651,Bill Pullman
652,Ali Larter
653,Analeigh Tipton
654,Amy Adams
655,Alexander Skarsgard
656,Akemi Darenogare
657,Antonio Banderas
658,Al Roker
659,Akemi Darenogare
660,Amanda Seyfried
661,Anne Bancroft
662,Adriana Barraza
663,Alexis Thorpe
664,Al Roker
665,Andy Garcia
666,Bill Murray
667,Alan Arkin
668,Benedict Cumberbatch
669,Andrew Garfield
670,Anderson Cooper
671,Ben Foster
672,AnnaSophia Robb
673,Alice Eve
674,Andy Samberg
675,Beyonce Knowles
676,Andy Serkis
677,Amanda Bynes
678,Benedict Cumberbatch
679,Amy Ryan
680,Amy Schumer
681,Anderson Cooper
682,Ali Larter
683,Barbra Streisand
684,Anne Baxter
685,Anthony Mackie
686,Bill Murray
687,Annette Bening
688,Barbra Streisand
689,Beyonce Knowles
690,Abigail Breslin
691,Al Pacino
692,Anne Bancroft
693,Andy Samberg
694,Andy Samberg
695,Abigail Breslin
696,Bella Hadid
697,Andrew Garfield
698,Andy Garcia
699,AnnaSophia Robb
700,Barbra Streisand
701,Bernie Mac
702,Berenice Bejo
703,Audrey Tautou
704,Andy Samberg
705,Alexis Thorpe
706,Armin Mueller-Stahl
707,Alan Alda
708,Aaron Paul
709,Alx James
710,Alx James
711,Andie MacDowell
712,Bill Pullman
713,Ava Gardner
714,Albert Brooks
715,Adam Sandler
716,Annette Bening
717,Anne Bancroft
718,Anthony Hopkins
719,Anderson Cooper
720,Andrew Garfield
721,Aaron Paul
722,Barry Pepper
723,Abigail Breslin
724,Aaron Paul
725,Arnold Schwarzenegger
726,Al Roker
727,Amanda Crew
728,Adele
729,Benicio Del Toro
730,Ben Affleck
731,Alx James
732,Audrey Hepburn
733,Adriana Lima
734,Anne Hathaway
735,Albert Brooks
736,Anna Paquin
737,Ava Gardner
738,Bill Rancic
739,Alex Pettyfer
740,Betty White
741,Al Roker
742,Albert Brooks
743,Alicia Vikander
744,Alicia Vikander
745,Ashley Greene
746,Billy Bob Thornton
747,Amy Ryan
748,Akemi Darenogare
749,Amanda Peet
750,Ashley Greene
751,Anna Kendrick
752,Albert Finney
753,Annette Bening
754,Antonio Banderas
755,Andy Serkis
756,Alan Alda
757,Billy Bob Thornton
758,Ben Affleck
759,Barry Pepper
760,Anne Bancroft
761,Anne Baxter
762,Ben Johnson
763,Alexandra Daddario
764,Anna Friel
765,Anthony Perkins
766,Amanda Bynes
767,Alex Pettyfer
768,Andy Garcia
769,Bill Paxton
770,AnnaSophia Robb
771,Ashley Greene
772,Ashley Greene
773,Benjamin Bratt
774,Bella Hadid
775,Annette Bening
776,Alex Pettyfer
777,Adrien Brody
778,Al Roker
779,Ashley Graham
780,Andreea Diaconu
781,Andy Serkis
782,Ava Gardner
783,Bill Paxton
784,Amanda Peet
785,Billy Bob Thornton
786,AnnaSophia Robb
787,bella thorne
788,Anna Faris
789,Amanda Peet
790,Bill Murray
791,Armin Mueller-Stahl
792,Audrey Hepburn
793,Andie MacDowell
794,Ava Gardner
795,Amanda Bynes
796,Amy Ryan
797,Ben Affleck
798,Betty White
799,Betty White
800,Anna Kendrick
801,Anjelica Huston
802,Analeigh Tipton
803,Aaron Judge
804,Armin Mueller-Stahl
805,Albert Finney
806,Angela Bassett
807,Al Pacino
808,Anne Hathaway
809,Adrien Brody
810,Adrianne Palicki
811,bella thorne
812,Ben Affleck
813,Angelina Jolie
814,Bill O Reilly
815,Andy Garcia
816,Alex Pettyfer
817,Barbra Streisand
818,Anthony Perkins
819,AnnaSophia Robb
820,Alx James
821,Ashley Judd
822,Bella Hadid
823,Aaron Judge
824,Adrien Brody
825,Amanda Bynes
826,Audrey Hepburn
827,Anne Baxter
828,Bette Midler
829,Ben Johnson
830,Andreea Diaconu
831,Alex Pettyfer
832,Alex Pettyfer
833,Al Roker
834,Amanda Bynes
835,Andy Murray
836,Alex Pettyfer
837,Abigail Breslin
838,Ashley Judd
839,Benjamin Bratt
840,Betty White
841,Alessandra Ambrosio
842,Alx James
843,Anjelica Huston
844,Andy Garcia
845,bella thorne
846,Alex Pettyfer
847,Barbra Streisand
848,Aaron Paul
849,Andy Garcia
850,Benicio Del Toro
851,Ashley Greene
852,bella thorne
853,Angelina Jolie
854,Adam Sandler
855,Andy Serkis
856,Beyonce Knowles
857,Alessandra Ambrosio
858,Armin Mueller-Stahl
859,Andy Murray
860,Anne Baxter
861,Alex Pettyfer
862,Ben Foster
863,Andy Garcia
864,Amy Schumer
865,Ben Stiller
866,Benedict Cumberbatch
867,Anne Hathaway
868,Antonio Banderas
869,Bill Daley
870,Ava Gardner
871,Adriana Barraza
872,Alec Baldwin
873,Anna Kendrick
874,Bernie Mac
875,Adam Sandler
876,Anna Kendrick
877,Amy Ryan
878,Amy Schumer
879,Alexander Skarsgard
880,Ava Gardner
881,Barbra Streisand
882,Anthony Hopkins
883,Alan Alda
884,Anna Faris
885,Ashley Greene
886,Anna Kendrick
887,Arnold Schwarzenegger
888,Benedict Cumberbatch
889,Ben Affleck
890,Alessandra Ambrosio
891,Audrey Tautou
892,Alessandra Ambrosio
893,Anthony Mackie
894,Berenice Bejo
895,Anne Baxter
896,Andreea Diaconu
897,Amanda Bynes
898,Ava Gardner
899,Ashley Graham
900,Abigail Breslin
901,Berenice Bejo
902,Amy Ryan
903,Bernie Mac
904,Bill Pullman
905,Anna Kendrick
906,Ben Foster
907,Anne Baxter
908,Alx James
909,Andrew Luck
910,Al Pacino
911,Andy Samberg
912,Adele
913,Adrien Brody
914,Audrey Tautou
915,Anna Paquin
916,Anthony Perkins
917,Ashley Judd
918,Alan Rickman
919,Amy Adams
920,Benicio Del Toro
921,Bill Paxton
922,Anne Baxter
923,Adele
924,Art Carney
925,Alexis Thorpe
926,Anjelica Huston
927,Alx James
928,Al Roker
929,Alan Arkin
930,Angela Bassett
931,Amy Schumer
932,Amber Heard
933,Aaron Judge
934,Anne Hathaway
935,Andie MacDowell
936,Bill Rancic
937,Bill O Reilly
938,Aaron Paul
939,Anthony Hopkins
940,Ashley Greene
941,Ashley Judd
942,Akemi Darenogare
943,Alice Eve
944,Bill O Reilly
945,Amanda Crew
946,Ashley Judd
947,Armin Mueller-Stahl
948,Adriana Barraza
949,Adriana Barraza
950,Ashley Greene
951,Alexandra Daddario
952,Ben Stiller
953,Al Pacino
954,Andy Samberg
955,Ashton Kutcher
956,Akemi Darenogare
957,Al Pacino
958,bella thorne
959,Barry Pepper
960,Beyonce Knowles
961,Aaron Paul
962,Amber Heard
963,Bill Murray
964,Ashley Greene
965,Ashley Judd
966,Anne Hathaway
967,Albert Finney
968,Alx James
969,Andie MacDowell
970,Amy Schumer
971,Al Pacino
972,Amanda Peet
973,Anne Baxter
974,Anjelica Huston
975,Abigail Breslin
976,Barry Pepper
977,Audrey Tautou
978,Amanda Crew
979,Anna Friel
980,Anthony Hopkins
981,Alan Alda
982,Andrew Luck
983,Adele
984,Ben Foster
985,Analeigh Tipton
986,Alx James
987,Anthony Mackie
988,Audrey Hepburn
989,Andy Garcia
990,Barabara Palvin
991,Abigail Breslin
992,Ashley Judd
993,Alexis Thorpe
994,Anna Paquin
995,Alicia Vikander
996,Anne Baxter
997,Alx James
998,Albert Brooks
999,Analeigh Tipton
1000,Amanda Crew
1001,Benjamin Bratt
1002,Analeigh Tipton
1003,Benjamin Bratt
1004,Barbra Streisand
1005,Anthony Perkins
1006,Amy Adams
1007,Amy Schumer
1008,Bill Hader
1009,Anna Kendrick
1010,Alan Alda
1011,Alessandra Ambrosio
1012,Adrianne Palicki
1013,Bill Daley
1014,AnnaSophia Robb
1015,Audrey Tautou
1016,Adam Sandler
1017,Bill Murray
1018,Arnold Schwarzenegger
1019,Adriana Lima
1020,Alessandra Ambrosio
1021,Benicio Del Toro
1022,Anderson Cooper
1023,Anthony Mackie
1024,Andy Samberg
1025,Anne Bancroft
1026,Anne Bancroft
1027,Al Pacino
1028,Betty White
1029,Bill Rancic
1030,Abigail Breslin
1031,Angelina Jolie
1032,Adriana Lima
1033,Alex Pettyfer
1034,Anne Hathaway
1035,Amanda Crew
1036,Anthony Perkins
1037,Alexis Thorpe
1038,Barbra Streisand
1039,Anjelica Huston
1040,Andy Samberg
1041,Amy Adams
1042,Bill O Reilly
1043,Andie MacDowell
1044,Amanda Bynes
1045,Alexis Thorpe
1046,Anna Kendrick
1047,Anne Hathaway
1048,Bette Midler
1049,Amanda Peet
1050,Adriana Lima
1051,Angelina Jolie
1052,Amanda Seyfried
1053,Bernie Mac
1054,Angelina Jolie
1055,Al Pacino
1056,Ben Stiller
1057,Ashton Kutcher
1058,Andy Samberg
1059,Barbra Streisand
1060,Aaron Paul
1061,Betty White
1062,Anna Paquin
1063,Benjamin Bratt
1064,Ali Larter
1065,Barbra Streisand
1066,Benicio Del Toro
1067,Bette Midler
1068,Alan Arkin
1069,Ben Johnson
1070,Ava Gardner
1071,Adrianne Palicki
1072,Arnold Schwarzenegger
1073,Ashley Graham
1074,Andrew Garfield
1075,Akemi Darenogare
1076,Alexandra Daddario
1077,Alessandra Ambrosio
1078,Arnold Schwarzenegger
1079,Ashton Kutcher
1080,Alexandra Daddario
1081,Ashley Graham
1082,Alan Alda
1083,Anna Paquin
1084,Ashley Judd
1085,Annette Bening
1086,Amanda Seyfried
1087,Barabara Palvin
1088,Abigail Breslin
1089,Adriana Barraza
1090,Adrien Brody
1091,Arnold Schwarzenegger
1092,Barbra Streisand
1093,Anne Baxter
1094,Barabara Palvin
1095,Anthony Perkins
1096,Aaron Paul
1097,Andy Serkis
1098,Albert Finney
1099,Alec Baldwin
1100,Billy Bob Thornton
1101,Betty White
1102,Annette Bening
1103,Andy Murray
1104,Bill Pullman
1105,bella thorne
1106,Adam Sandler
1107,Ashton Kutcher
1108,Andie MacDowell
1109,Aaron Taylor-Johnson
1110,Akemi Darenogare
1111,Benicio Del Toro
1112,Ashley Greene
1113,Aaron Judge
1114,Anthony Perkins
1115,Benicio Del Toro
1116,Barabara Palvin
1117,Ashley Judd
1118,Bernie Mac
1119,Alicia Vikander
1120,Anne Baxter
1121,Anne Baxter
1122,Amanda Peet
1123,Alessandra Ambrosio
1124,Ben Foster
1125,Bill Rancic
1126,Anne Baxter
1127,Amanda Bynes
1128,Al Roker
1129,Aaron Taylor-Johnson
1130,Aaron Judge
1131,Arnold Schwarzenegger
1132,Andy Serkis
1133,Amanda Peet
1134,Anne Hathaway
1135,Adele
1136,Billy Bob Thornton
1137,Benicio Del Toro
1138,Ben Foster
1139,Ben Affleck
1140,Anna Kendrick
1141,Alex Pettyfer
1142,Anthony Perkins
1143,Berenice Bejo
1144,Billy Bob Thornton
1145,Ashley Greene
1146,Ashley Greene
1147,Alexandra Daddario
1148,Bill Paxton
1149,Arnold Schwarzenegger
1150,Anna Sui
1151,Barbra Streisand
1152,Alice Eve
1153,Audrey Hepburn
1154,Alx James
1155,Alan Rickman
1156,Andy Samberg
1157,Antonio Banderas
1158,Adele
1159,Bernie Mac
1160,Alan Alda
1161,Bette Midler
1162,Bernie Mac
1163,Andy Samberg
1164,Andreea Diaconu
1165,Adriana Barraza
1166,Adriana Barraza
1167,Amy Adams
1168,Andy Samberg
1169,Ashley Greene
1170,Alan Arkin
1171,Ben Kingsley
1172,Anne Baxter
1173,Bette Midler
1174,Al Pacino
1175,Anne Baxter
1176,Amanda Peet
1177,Billy Bob Thornton
1178,Anne Baxter
1179,Audrey Tautou
1180,Adriana Lima
1181,Alan Arkin
1182,Al Roker
1183,Ben Kingsley
1184,Bella Hadid
1185,Anjelica Huston
1186,Bill Pullman
1187,Aaron Judge
1188,Amanda Peet
1189,Anne Hathaway
1190,Alicia Vikander
1191,Billy Bob Thornton
1192,Billy Bob Thornton
1193,Andy Samberg
1194,Amber Heard
1195,Bette Midler
1196,Analeigh Tipton
1197,Analeigh Tipton
1198,Amanda Crew
1199,Anderson Cooper
1200,Anna Sui
1201,Anna Faris
1202,Alan Rickman
1203,Andreea Diaconu
1204,Barbra Streisand
1205,Ben Affleck
1206,Alexandra Daddario
1207,Aaron Paul
1208,Amy Schumer
1209,Bill O Reilly
1210,Ben Johnson
1211,Ben Stiller
1212,Alice Eve
1213,Aaron Paul
1214,Adele
1215,Ashley Graham
1216,Bill O Reilly
1217,Amy Schumer
1218,Ava Gardner
1219,Adam Sandler
1220,Andie MacDowell
1221,Amanda Crew
1222,Andrew Lincoln
1223,Anna Friel
1224,Barbra Streisand
1225,Anthony Hopkins
1226,Andrew Luck
1227,Barbra Streisand
1228,Anthony Perkins
1229,Barry Pepper
1230,Bill Rancic
1231,Bill Murray
1232,Abigail Breslin
1233,Al Pacino
1234,Ashley Graham
1235,Aaron Judge
1236,Amy Schumer
1237,Amanda Crew
1238,Al Pacino
1239,Andie MacDowell
1240,Bill O Reilly
1241,Anna Friel
1242,Audrey Tautou
1243,Alx James
1244,Bill Murray
1245,Bill Hader
1246,Anna Faris
1247,Ben Johnson
1248,Anjelica Huston
1249,Anne Baxter
1250,Barry Pepper
1251,Audrey Tautou
1252,Barbra Streisand
1253,Billy Bob Thornton
1254,Amanda Peet
1255,Anna Friel
1256,Andrew Garfield
1257,Ashley Greene
1258,Benjamin Bratt
1259,Aaron Paul
1260,Bernie Mac
1261,Andy Garcia
1262,Barry Pepper
1263,Anthony Hopkins
1264,Anthony Mackie
1265,Alex Pettyfer
1266,Anne Hathaway
1267,Ashton Kutcher
1268,bella thorne
1269,Betty White
1270,Amy Schumer
1271,Andy Garcia
1272,Art Carney
1273,Bella Hadid
1274,Ali Larter
1275,Bette Midler
1276,Amy Schumer
1277,Amy Schumer
1278,Adrianne Palicki
1279,Adam Sandler
1280,Barbra Streisand
1281,Anne Hathaway
1282,Analeigh Tipton
1283,Bill Murray
1284,Adriana Lima
1285,Alx James
1286,Amy Adams
1287,Berenice Bejo
1288,Audrey Hepburn
1289,Andie MacDowell
1290,Alan Arkin
1291,Billy Bob Thornton
1292,Arnold Schwarzenegger
1293,Amanda Seyfried
1294,Alan Arkin
1295,Alessandra Ambrosio
1296,Anne Hathaway
1297,Armin Mueller-Stahl
1298,Andrew Lincoln
1299,Anne Bancroft
1300,Angelina Jolie
1301,Bill Hader
1302,Amanda Bynes
1303,Albert Finney
1304,Anne Baxter
1305,Adele
1306,Barry Pepper
1307,Amanda Bynes
1308,Ben Affleck
1309,Barabara Palvin
1310,Amanda Bynes
1311,Bill Hader
1312,Andrew Luck
1313,Andy Garcia
1314,Aaron Paul
1315,Bette Midler
1316,Amanda Peet
1317,Anna Friel
1318,Betty White
1319,Audrey Tautou
1320,Barabara Palvin
1321,Alexandra Daddario
1322,Barbra Streisand
1323,Bill Murray
1324,Bill O Reilly
1325,Barry Pepper
1326,Armin Mueller-Stahl
1327,bella thorne
1328,Bill Hader
1329,Andrew Luck
1330,Ben Johnson
1331,Amy Adams
1332,Ashton Kutcher
1333,Anthony Perkins
1334,Ben Foster
1335,Alan Arkin
1336,Andy Samberg
1337,AnnaSophia Robb
1338,AnnaSophia Robb
1339,Adele
1340,Anthony Perkins
1341,Alexandra Daddario
1342,Aaron Taylor-Johnson
1343,Bill Rancic
1344,Anna Kendrick
1345,Andy Serkis
1346,Betty White
1347,Arnold Schwarzenegger
1348,Ben Stiller
1349,Annette Bening
1350,Bill Hader
1351,Aaron Taylor-Johnson
1352,Betty White
1353,Benicio Del Toro
1354,Alexander Skarsgard
1355,Anthony Perkins
1356,Armin Mueller-Stahl
1357,Adam Sandler
1358,Alessandra Ambrosio
1359,Aaron Judge
1360,Anne Baxter
1361,Adriana Lima
1362,Andrew Luck
1363,Amber Heard
1364,Bernie Mac
1365,Ashley Greene
1366,Anna Paquin
1367,Ashley Graham
1368,Audrey Tautou
1369,Andrew Lincoln
1370,Anna Kendrick
1371,Andie MacDowell
1372,Anjelica Huston
1373,Annette Bening
1374,Aaron Judge
1375,Angelina Jolie
1376,Amy Ryan
1377,Alan Alda
1378,Alice Eve
1379,Anne Baxter
1380,Andrew Luck
1381,Andy Garcia
1382,Bill Murray
1383,Anna Faris
1384,Amber Heard
1385,Barabara Palvin
1386,Amber Heard
1387,Andie MacDowell
1388,Angelina Jolie
1389,Anderson Cooper
1390,Ben Johnson
1391,Adrien Brody
1392,Alexis Thorpe
1393,Bill Paxton
1394,Anne Baxter
1395,Bette Midler
1396,Amanda Peet
1397,Anne Baxter
1398,Albert Finney
1399,Ben Foster
1400,Betty White
1401,Ashley Graham
1402,Ava Gardner
1403,Albert Brooks
1404,Alice Eve
1405,Amanda Bynes
1406,Arnold Schwarzenegger
1407,Ashton Kutcher
1408,Bill Murray
1409,Barbra Streisand
1410,Alan Arkin
1411,Adele
1412,Andrew Garfield
1413,Anthony Hopkins
1414,Beyonce Knowles
1415,Adrianne Palicki
1416,Akemi Darenogare
1417,Alex Pettyfer
1418,Aaron Taylor-Johnson
1419,Benedict Cumberbatch
1420,Adam Sandler
1421,Alan Arkin
1422,Ava Gardner
1423,Ben Stiller
1424,Amanda Peet
1425,Ben Affleck
1426,Andie MacDowell
1427,Angelina Jolie
1428,Bill Rancic
1429,Ben Stiller
1430,Analeigh Tipton
1431,Bill Hader
1432,Amanda Bynes
1433,Adele
1434,Andy Samberg
1435,Antonio Banderas
1436,Benjamin Bratt
1437,Bella Hadid
1438,Andrew Garfield
1439,Bill Hader
1440,Ashley Greene
1441,Alec Baldwin
1442,Benicio Del Toro
1443,Ben Stiller
1444,Bill Pullman
1445,Alex Pettyfer
1446,Ben Stiller
1447,Adriana Lima
1448,Andy Garcia
1449,Alex Pettyfer
1450,Amy Schumer
1451,Ben Kingsley
1452,Andreea Diaconu
1453,Ashley Graham
1454,Andy Serkis
1455,Ben Johnson
1456,Alexis Thorpe
1457,Anna Paquin
1458,Benicio Del Toro
1459,Bernie Mac
1460,Aaron Paul
1461,Anthony Hopkins
1462,Ashley Judd
1463,Adriana Lima
1464,Bill Rancic
1465,Anne Baxter
1466,Al Pacino
1467,bella thorne
1468,Aaron Taylor-Johnson
1469,Armin Mueller-Stahl
1470,Andrew Garfield
1471,Aaron Paul
1472,Bette Midler
1473,Anna Paquin
1474,Abigail Breslin
1475,Adrianne Palicki
1476,Alessandra Ambrosio
1477,Alexis Thorpe
1478,Bella Hadid
1479,Barry Pepper
1480,Bernie Mac
1481,Andreea Diaconu
1482,Abigail Breslin
1483,Bernie Mac
1484,Alessandra Ambrosio
1485,Al Pacino
1486,Anne Baxter
1487,Benicio Del Toro
1488,Beyonce Knowles
1489,Alx James
1490,Andy Murray
1491,Alan Arkin
1492,Benedict Cumberbatch
1493,Arnold Schwarzenegger
1494,Adrianne Palicki
1495,Anna Faris
1496,Antonio Banderas
1497,Angela Bassett
1498,Alexandra Daddario
1499,Anna Kendrick
1500,Bernie Mac
1501,Alexander Skarsgard
1502,Armin Mueller-Stahl
1503,Anne Bancroft
1504,Benedict Cumberbatch
1505,Bernie Mac
1506,Alx James
1507,Barry Pepper
1508,Anna Sui
1509,Albert Finney
1510,Andy Samberg
1511,Benicio Del Toro
1512,Al Roker
1513,Berenice Bejo
1514,Anne Bancroft
1515,Barabara Palvin
1516,Bette Midler
1517,Antonio Banderas
1518,Ashley Greene
1519,Bill Hader
1520,Bill Paxton
1521,Bill Hader
1522,Ben Foster
1523,Alexis Thorpe
1524,Aaron Taylor-Johnson
1525,Alx James
1526,Alan Alda
1527,Alan Arkin
1528,Ben Kingsley
1529,Albert Finney
1530,Ashley Graham
1531,Art Carney
1532,Adrianne Palicki
1533,Andreea Diaconu
1534,Anna Faris
1535,Ashley Judd
1536,Analeigh Tipton
1537,Alec Baldwin
1538,Bill Pullman
1539,Anthony Perkins
1540,Barbra Streisand
1541,Anne Hathaway
1542,Anthony Mackie
1543,Barbra Streisand
1544,Alexandra Daddario
1545,Al Roker
1546,Barbra Streisand
1547,Barbra Streisand
1548,Andrew Lincoln
1549,Amber Heard
1550,Angelina Jolie
1551,Billy Bob Thornton
1552,Ben Affleck
1553,Ben Kingsley
1554,Ashton Kutcher
1555,Alex Pettyfer
1556,Alessandra Ambrosio
1557,Angela Bassett
1558,Andreea Diaconu
1559,Audrey Tautou
1560,Anthony Perkins
1561,AnnaSophia Robb
1562,Amy Adams
1563,Adam Sandler
1564,Armin Mueller-Stahl
1565,Alex Pettyfer
1566,Ashley Graham
1567,Andy Serkis
1568,Amanda Crew
1569,Anthony Perkins
1570,Aaron Paul
1571,Alan Alda
1572,Amy Ryan
1573,Ben Stiller
1574,Andrew Lincoln
1575,Aaron Judge
1576,Andrew Lincoln
1577,Adam Sandler
1578,Alexandra Daddario
1579,Ben Stiller
1580,Adrien Brody
1581,Alan Rickman
1582,Bill Pullman
1583,Amanda Seyfried
1584,Alan Rickman
1585,Ali Larter
1586,Bill Hader
1587,Andy Murray
1588,Adam Sandler
1589,Barabara Palvin
1590,Amy Adams
1591,Anna Paquin
1592,Anna Sui
1593,Ava Gardner
1594,Antonio Banderas
1595,Ben Foster
1596,Albert Finney
1597,Alan Arkin
1598,Aaron Judge
1599,Anna Faris
1600,Anthony Mackie
1601,Billy Bob Thornton
1602,Anne Hathaway
1603,Albert Brooks
1604,Anna Kendrick
1605,Andrew Lincoln
1606,Anthony Mackie
1607,Bill Pullman
1608,Alan Rickman
1609,Alex Pettyfer
1610,Anderson Cooper
1611,Adriana Barraza
1612,Alan Alda
1613,Benedict Cumberbatch
1614,Bill Rancic
1615,Alx James
1616,Bette Midler
1617,Ben Foster
1618,Bernie Mac
1619,Antonio Banderas
1620,Angela Bassett
1621,Adam Sandler
1622,Audrey Hepburn
1623,Anjelica Huston
1624,Billy Bob Thornton
1625,Alicia Vikander
1626,Bill Daley
1627,Adrien Brody
1628,Amanda Seyfried
1629,Abigail Breslin
1630,Andy Serkis
1631,Antonio Banderas
1632,Amy Adams
1633,Andrew Lincoln
1634,Alice Eve
1635,Art Carney
1636,Armin Mueller-Stahl
1637,Al Roker
1638,Alexander Skarsgard
1639,Adele
1640,Anderson Cooper
1641,Bill Rancic
1642,Anna Friel
1643,Bill Daley
1644,Alx James
1645,Armin Mueller-Stahl
1646,Adam Sandler
1647,Angela Bassett
1648,Alan Rickman
1649,Ashley Graham
1650,Anna Paquin
1651,Benjamin Bratt
1652,Amanda Bynes
1653,Akemi Darenogare
1654,Alan Rickman
1655,Albert Brooks
1656,Andy Garcia
1657,Benedict Cumberbatch
1658,Aaron Judge
1659,Antonio Banderas
1660,Andrew Lincoln
1661,Andrew Garfield
1662,Andrew Luck
1663,Audrey Hepburn
1664,Andrew Lincoln
1665,Ben Foster
1666,Andrew Lincoln
1667,Al Roker
1668,Amanda Peet
1669,Anne Baxter
1670,Adam Sandler
1671,Beyonce Knowles
1672,Armin Mueller-Stahl
1673,Barry Pepper
1674,Benjamin Bratt
1675,Adriana Lima
1676,Andrew Lincoln
1677,Anna Kendrick
1678,Anne Bancroft
1679,Anna Kendrick
1680,Ben Stiller
1681,Andrew Lincoln
1682,Akemi Darenogare
1683,Adele
1684,Anna Friel
1685,Bill O Reilly
1686,Beyonce Knowles
1687,Anna Friel
1688,Aaron Taylor-Johnson
1689,Ben Stiller
1690,Bill Murray
1691,Bette Midler
1692,Anthony Mackie
1693,Aaron Taylor-Johnson
1694,Angela Bassett
1695,Andy Murray
1696,Anthony Hopkins
1697,Betty White
1698,Ben Affleck
1699,Analeigh Tipton
1700,Alan Rickman
1701,Antonio Banderas
1702,Amy Schumer
1703,Andrew Garfield
1704,Amanda Bynes
1705,Bill O Reilly
1706,Audrey Tautou
1707,Bill Rancic
1708,Akemi Darenogare
1709,Ashley Judd
1710,Amber Heard
1711,Anna Paquin
1712,Bill O Reilly
1713,Amy Adams
1714,Al Roker
1715,Adam Sandler
1716,Andrew Lincoln
1717,Anderson Cooper
1718,Amy Adams
1719,Angelina Jolie
1720,Bill Paxton
1721,Ben Stiller
1722,Audrey Tautou
1723,Al Roker
1724,Alx James
1725,Antonio Banderas
1726,Bella Hadid
1727,Alex Pettyfer
1728,Amy Ryan
1729,Anjelica Huston
1730,Abigail Breslin
1731,Benjamin Bratt
1732,Anne Baxter
1733,Antonio Banderas
1734,Barbra Streisand
1735,Andreea Diaconu
1736,Amy Adams
1737,Angela Bassett
1738,Amy Ryan
1739,Adrianne Palicki
1740,Ben Kingsley
1741,Ben Johnson
1742,Ben Johnson
1743,Aaron Taylor-Johnson
1744,Amanda Bynes
1745,Andrew Lincoln
1746,Ashley Judd
1747,Barbra Streisand
1748,Bill O Reilly
1749,Akemi Darenogare
1750,Ashton Kutcher
1751,Al Pacino
1752,Analeigh Tipton
1753,Amber Heard
1754,Al Pacino
1755,Ashley Judd
1756,Aaron Paul
1757,Bernie Mac
1758,Bill Paxton
1759,Amanda Peet
1760,Betty White
1761,Albert Finney
1762,AnnaSophia Robb
1763,Andrew Garfield
1764,Alex Pettyfer
1765,Anna Kendrick
1766,Ben Kingsley
1767,Al Pacino
1768,bella thorne
1769,Bill Paxton
1770,Barbra Streisand
1771,Ashley Greene
1772,Andrew Garfield
1773,Alan Alda
1774,Bette Midler
1775,Billy Bob Thornton
1776,Aaron Taylor-Johnson
1777,Al Pacino
1778,Alex Pettyfer
1779,Annette Bening
1780,Anderson Cooper
1781,Billy Bob Thornton
1782,Alx James
1783,Bill Murray
1784,Ben Foster
1785,Analeigh Tipton
1786,Anna Paquin
1787,Ben Foster
1788,Ali Larter
1789,Benedict Cumberbatch
1790,Al Pacino
1791,Alice Eve
1792,Andrew Lincoln
1793,Bernie Mac
1794,Ben Johnson
1795,Ben Johnson
1796,Barbra Streisand
1797,AnnaSophia Robb
1798,Amanda Peet
1799,Albert Finney
1800,Bill Paxton
1801,Alessandra Ambrosio
1802,Alicia Vikander
1803,Ben Johnson
1804,Alex Pettyfer
1805,Alessandra Ambrosio
1806,Bill Hader
1807,Anne Baxter
1808,Audrey Hepburn
1809,Barry Pepper
1810,Art Carney
1811,Amy Adams
1812,AnnaSophia Robb
1813,Audrey Tautou
1814,Ashley Greene
1815,Beyonce Knowles
1816,Alx James
1817,Albert Brooks
1818,Anderson Cooper
1819,Akemi Darenogare
1820,Ben Affleck
1821,Billy Bob Thornton
1822,Andy Samberg
1823,Andy Samberg
1824,Adriana Barraza
1825,Bella Hadid
1826,Al Pacino
1827,Alexander Skarsgard
1828,Antonio Banderas
1829,Anthony Hopkins
1830,Betty White
1831,Anjelica Huston
1832,Bella Hadid
1833,Bill Murray
1834,Alexis Thorpe
1835,Armin Mueller-Stahl
1836,Anthony Mackie
1837,Ben Foster
1838,Andy Samberg
1839,Amanda Crew
1840,Angela Bassett
1841,Andrew Luck
1842,Billy Bob Thornton
1843,Amy Schumer
1844,Adam Sandler
1845,Bill O Reilly
1846,Andie MacDowell
1847,Billy Bob Thornton
1848,Art Carney
1849,Alexander Skarsgard
1850,Alexandra Daddario
1851,Al Pacino
1852,Bill Paxton
1853,Andy Garcia
1854,Bill Paxton
1855,Arnold Schwarzenegger
1856,Andy Serkis
1857,Adriana Lima
1858,Amanda Bynes
1859,Armin Mueller-Stahl
1860,Albert Brooks
1861,Art Carney
1862,Ben Affleck
1863,Alessandra Ambrosio
1864,Anthony Hopkins
1865,Albert Finney
1866,Anthony Perkins
1867,Alan Alda
1868,Anna Sui
1869,Bernie Mac
1870,Ben Stiller
1871,Alex Pettyfer
1872,Aaron Paul
1873,Ashton Kutcher
1874,Anne Hathaway
1875,Adrien Brody
1876,Anne Hathaway
1877,Ben Foster
1878,Ben Affleck
1879,Ashton Kutcher
1880,Alan Alda
1881,Adrianne Palicki
1882,Anna Friel
1883,Andy Murray
1884,Antonio Banderas
1885,Andrew Luck
1886,Barabara Palvin
1887,Alx James
1888,AnnaSophia Robb
1889,Anne Baxter
1890,Benedict Cumberbatch
1891,Andie MacDowell
1892,Ben Kingsley
1893,Anthony Mackie
1894,Amanda Crew
1895,Audrey Tautou
1896,Billy Bob Thornton
1897,Andy Murray
1898,Bill Hader
1899,Alexandra Daddario
1900,Alex Pettyfer
1901,Anthony Perkins
1902,Bill Hader
1903,Amanda Seyfried
1904,Amy Adams
1905,Ashton Kutcher
1906,Amy Adams
1907,Bella Hadid
1908,Al Roker
1909,Amy Ryan
1910,Aaron Taylor-Johnson
1911,Analeigh Tipton
1912,Benedict Cumberbatch
1913,Alan Rickman
1914,Barbra Streisand
1915,Anne Hathaway
1916,Ben Foster
1917,Amber Heard
1918,Ben Foster
1919,Andy Samberg
1920,Anna Kendrick
1921,Amy Schumer
1922,Alex Pettyfer
1923,AnnaSophia Robb
1924,Alan Rickman
1925,Bernie Mac
1926,Ben Affleck
1927,Anna Paquin
1928,Aaron Paul
1929,Ben Foster
1930,Anna Friel
1931,Alan Arkin
1932,bella thorne
1933,Aaron Judge
1934,Betty White
1935,Anna Kendrick
1936,Art Carney
1937,Alicia Vikander
1938,Barry Pepper
1939,Anna Paquin
1940,Annette Bening
1941,Armin Mueller-Stahl
1942,Adriana Lima
1943,Akemi Darenogare
1944,Beyonce Knowles
1945,Amber Heard
1946,Andrew Lincoln
1947,Aaron Judge
1948,Bill Pullman
1949,Andie MacDowell
1950,Bill O Reilly
1951,Alan Alda
1952,Amy Schumer
1953,Adam Sandler
1954,Analeigh Tipton
1955,Aaron Paul
1956,Adam Sandler
1957,Anna Kendrick
1958,Betty White
1959,Abigail Breslin
1960,Aaron Taylor-Johnson
1961,Alexis Thorpe
1962,Alexis Thorpe
1963,Alicia Vikander
1964,Anna Kendrick
1965,Alan Arkin
1966,Ali Larter
1967,Andrew Lincoln
1968,Bette Midler
1969,Audrey Tautou
1970,Art Carney
1971,Barabara Palvin
1972,Angelina Jolie
1973,Amanda Bynes
1974,Andy Samberg
1975,Alec Baldwin
1976,Andrew Garfield
1977,Bette Midler
1978,Alan Rickman
1979,Alan Rickman
1980,Anthony Mackie
1981,Anjelica Huston
1982,Anthony Perkins
1983,Anna Friel
1984,Armin Mueller-Stahl
1985,Adriana Barraza
1986,bella thorne
1987,Amy Adams
1988,Ashton Kutcher
1989,Bill Rancic
1990,Amanda Peet
1991,Anthony Perkins
1992,Alan Alda
1993,Armin Mueller-Stahl
1994,Ava Gardner
1995,Ali Larter
1996,Ashley Graham
1997,Anthony Mackie
1998,Bette Midler
1999,Benedict Cumberbatch
2000,Andreea Diaconu
2001,Benjamin Bratt
2002,Alexandra Daddario
2003,Ali Larter
2004,Ben Affleck
2005,Ben Kingsley
2006,Alx James
2007,Adam Sandler
2008,Art Carney
2009,Beyonce Knowles
2010,Ali Larter
2011,Adriana Barraza
2012,Alan Arkin
2013,Ashley Greene
2014,Adrianne Palicki
2015,Andy Serkis
2016,Alan Rickman
2017,Albert Brooks
2018,Alicia Vikander
2019,Angela Bassett
2020,Adele
2021,Bill Murray
2022,Bette Midler
2023,Al Pacino
2024,Anne Bancroft
2025,Anthony Mackie
2026,Anna Friel
2027,Anthony Perkins
2028,Anjelica Huston
2029,Bernie Mac
2030,Amanda Seyfried
2031,Amy Adams
2032,Adrianne Palicki
2033,Amy Adams
2034,Bill Paxton
2035,Bill Pullman
2036,Ben Stiller
2037,Audrey Tautou
2038,Betty White
2039,Billy Bob Thornton
2040,Betty White
2041,Alice Eve
2042,Alx James
2043,Andrew Lincoln
2044,Anjelica Huston
2045,Amanda Peet
2046,Alexandra Daddario
2047,Audrey Tautou
2048,Anthony Mackie
2049,Alec Baldwin
2050,Armin Mueller-Stahl
2051,Analeigh Tipton
2052,Bella Hadid
2053,Ashley Graham
2054,Anne Baxter
2055,Bill O Reilly
2056,AnnaSophia Robb
2057,Andrew Garfield
2058,Bill Pullman
2059,Alexis Thorpe
2060,bella thorne
2061,Amanda Crew
2062,Art Carney
2063,Anna Paquin
2064,Amy Ryan
2065,Alexander Skarsgard
2066,Al Roker
2067,bella thorne
2068,Adam Sandler
2069,Amanda Bynes
2070,Andie MacDowell
2071,Bernie Mac
2072,Andie MacDowell
2073,Billy Bob Thornton
2074,Angela Bassett
2075,Bill O Reilly
2076,Adele
2077,Bill Murray
2078,Anne Baxter
2079,Ashley Greene
2080,Alexis Thorpe
2081,Al Pacino
2082,Angela Bassett
2083,Bill Murray
2084,Ben Foster
2085,Al Pacino
2086,Al Roker
2087,Andy Garcia
2088,AnnaSophia Robb
2089,Alexander Skarsgard
2090,Anna Paquin
2091,Aaron Judge
2092,Amy Schumer
2093,Amber Heard
2094,Bill O Reilly
2095,Bill O Reilly
2096,Barbra Streisand
2097,Anna Faris
2098,Andrew Luck
2099,Alan Rickman
2100,Akemi Darenogare
2101,Ava Gardner
2102,Ben Foster
2103,Andie MacDowell
2104,Amanda Crew
2105,Anna Kendrick
2106,Al Roker
2107,Angela Bassett
2108,Amanda Bynes
2109,Akemi Darenogare
2110,Bella Hadid
2111,Billy Bob Thornton
2112,AnnaSophia Robb
2113,Audrey Tautou
2114,Anthony Perkins
2115,Ben Johnson
2116,Amanda Bynes
2117,Andrew Lincoln
2118,Aaron Taylor-Johnson
2119,Amber Heard
2120,Amanda Seyfried
2121,Arnold Schwarzenegger
2122,Benedict Cumberbatch
2123,Andy Murray
2124,Benicio Del Toro
2125,Alessandra Ambrosio
2126,Aaron Judge
2127,Bill Rancic
2128,Anjelica Huston
2129,Arnold Schwarzenegger
2130,Ben Stiller
2131,Benicio Del Toro
2132,Annette Bening
2133,Andrew Lincoln
2134,Anne Baxter
2135,Albert Finney
2136,Barbra Streisand
2137,Ben Foster
2138,Bill Paxton
2139,Arnold Schwarzenegger
2140,Aaron Paul
2141,Bill Daley
2142,Al Pacino
2143,Ben Affleck
2144,Aaron Paul
2145,Aaron Taylor-Johnson
2146,Anna Kendrick
2147,Audrey Tautou
2148,Bernie Mac
2149,Barbra Streisand
2150,Alicia Vikander
2151,Bill Rancic
2152,Adrien Brody
2153,Andy Serkis
2154,Adrianne Palicki
2155,Alicia Vikander
2156,Adrien Brody
2157,Aaron Judge
2158,Berenice Bejo
2159,Bill Murray
2160,Amy Ryan
2161,Barbra Streisand
2162,Alan Arkin
2163,Bill Daley
2164,Alan Alda
2165,Adrianne Palicki
2166,Audrey Hepburn
2167,Adam Sandler
2168,Bill Hader
2169,Bill O Reilly
2170,Andy Murray
2171,Anjelica Huston
2172,Amy Schumer
2173,Albert Brooks
2174,Alan Rickman
2175,Anna Kendrick
2176,Analeigh Tipton
2177,Ashley Judd
2178,Bill Paxton
2179,Ben Stiller
2180,Andy Murray
2181,Abigail Breslin
2182,Aaron Judge
2183,Aaron Judge
2184,Amy Schumer
2185,Bill Rancic
2186,Alice Eve
2187,Alexis Thorpe
2188,Adele
2189,Anthony Hopkins
2190,Ashley Graham
2191,Amanda Peet
2192,Antonio Banderas
2193,Bill Paxton
2194,Alessandra Ambrosio
2195,Bette Midler
2196,Bill Murray
2197,Alan Arkin
2198,Alan Rickman
2199,Ava Gardner
2200,Amy Ryan
2201,Angelina Jolie
2202,Benedict Cumberbatch
2203,Bill O Reilly
2204,Angelina Jolie
2205,Analeigh Tipton
2206,Andie MacDowell
2207,Anne Hathaway
2208,Bernie Mac
2209,Akemi Darenogare
2210,Bill O Reilly
2211,Armin Mueller-Stahl
2212,Ashley Greene
2213,AnnaSophia Robb
2214,Ben Johnson
2215,Bella Hadid
2216,Anna Paquin
2217,Bernie Mac
2218,Bill Paxton
2219,Adrianne Palicki
2220,Amanda Bynes
2221,AnnaSophia Robb
2222,Bette Midler
2223,Adriana Barraza
2224,Ashton Kutcher
2225,Alx James
2226,Benedict Cumberbatch
2227,Amy Ryan
2228,Andy Samberg
2229,Adam Sandler
2230,Andrew Garfield
2231,Al Pacino
2232,Barry Pepper
2233,bella thorne
2234,Benedict Cumberbatch
2235,Akemi Darenogare
2236,Ava Gardner
2237,Ashley Greene
2238,Audrey Hepburn
2239,Alan Arkin
2240,Benicio Del Toro
2241,Anna Faris
2242,Billy Bob Thornton
2243,Annette Bening
2244,Ben Kingsley
2245,Ben Kingsley
2246,Audrey Hepburn
2247,Adele
2248,Benicio Del Toro
2249,Anthony Perkins
2250,Barbra Streisand
2251,Al Roker
2252,Anne Hathaway
2253,Bill Hader
2254,Albert Finney
2255,Bill Rancic
2256,Andreea Diaconu
2257,Aaron Judge
2258,Anthony Mackie
2259,Ashley Greene
2260,Adriana Lima
2261,Barry Pepper
2262,Alexis Thorpe
2263,Audrey Hepburn
2264,Aaron Taylor-Johnson
2265,Alexis Thorpe
2266,Amber Heard
2267,Ben Affleck
2268,Alan Arkin
2269,Annette Bening
2270,Al Pacino
2271,Analeigh Tipton
2272,Aaron Judge
2273,Alan Rickman
2274,Beyonce Knowles
2275,Alexandra Daddario
2276,Alexandra Daddario
2277,Adele
2278,Adele
2279,Albert Finney
2280,Andy Serkis
2281,Bill Hader
2282,Aaron Taylor-Johnson
2283,Bill Rancic
2284,Antonio Banderas
2285,Anthony Hopkins
2286,Ava Gardner
2287,Antonio Banderas
2288,Andreea Diaconu
2289,Anne Baxter
2290,Ben Kingsley
2291,Amanda Bynes
2292,Analeigh Tipton
2293,Ashley Greene
2294,Andreea Diaconu
2295,Barry Pepper
2296,Aaron Taylor-Johnson
2297,Amanda Seyfried
2298,Anthony Mackie
2299,Anne Baxter
2300,Alan Arkin
2301,Bill O Reilly
2302,Aaron Paul
2303,Aaron Taylor-Johnson
2304,Ben Kingsley
2305,Alexandra Daddario
2306,Ashley Greene
2307,Arnold Schwarzenegger
2308,Alice Eve
2309,Benicio Del Toro
2310,Annette Bening
2311,Adriana Lima
2312,Adrien Brody
2313,Bill Daley
2314,Alexis Thorpe
2315,Aaron Judge
2316,Bill Hader
2317,Abigail Breslin
2318,Annette Bening
2319,Anna Faris
2320,Anthony Perkins
2321,Adriana Barraza
2322,Bill Rancic
2323,Bill Pullman
2324,Beyonce Knowles
2325,Barbra Streisand
2326,Alan Alda
2327,Anna Friel
2328,Andy Serkis
2329,Adele
2330,Betty White
2331,Arnold Schwarzenegger
2332,Alexandra Daddario
2333,Ashley Judd
2334,Anthony Mackie
2335,Angela Bassett
2336,Abigail Breslin
2337,Anne Hathaway
2338,Beyonce Knowles
2339,Aaron Taylor-Johnson
2340,Alicia Vikander
2341,Barry Pepper
2342,bella thorne
2343,Al Pacino
2344,Alexander Skarsgard
2345,Alice Eve
2346,Antonio Banderas
2347,Bill Paxton
2348,Arnold Schwarzenegger
2349,Armin Mueller-Stahl
2350,Ashley Graham
2351,Adriana Lima
2352,Adam Sandler
2353,Alan Arkin
2354,Alan Arkin
2355,Bill Pullman
2356,Barabara Palvin
2357,Anna Sui
2358,Ashley Greene
2359,Andreea Diaconu
2360,Amy Ryan
2361,Alx James
2362,Amanda Peet
2363,Benjamin Bratt
2364,Adrien Brody
2365,Amanda Bynes
2366,Ben Affleck
2367,bella thorne
2368,Andy Serkis
2369,Barabara Palvin
2370,Amanda Bynes
2371,Benedict Cumberbatch
2372,Alec Baldwin
2373,Amanda Seyfried
2374,Andrew Garfield
2375,Anderson Cooper
2376,Al Pacino
2377,Bette Midler
2378,Bill Paxton
2379,Analeigh Tipton
2380,Amanda Seyfried
2381,Andy Murray
2382,Adrianne Palicki
2383,Ben Foster
2384,Andrew Luck
2385,Ashley Greene
2386,Anna Friel
2387,Armin Mueller-Stahl
2388,Aaron Judge
2389,Andrew Luck
2390,Betty White
2391,Analeigh Tipton
2392,Abigail Breslin
2393,Bill Murray
2394,Amanda Bynes
2395,Andrew Lincoln
2396,Amanda Peet
2397,Alice Eve
2398,Alec Baldwin
2399,Al Pacino
2400,Alex Pettyfer
2401,Bernie Mac
2402,Andy Samberg
2403,Anne Baxter
2404,Bill O Reilly
2405,Bill O Reilly
2406,Anjelica Huston
2407,Alex Pettyfer
2408,Alan Rickman
2409,Beyonce Knowles
2410,AnnaSophia Robb
2411,Aaron Judge
2412,Ashley Judd
2413,Adrianne Palicki
2414,Anna Friel
2415,Amanda Bynes
2416,Betty White
2417,Abigail Breslin
2418,Bernie Mac
2419,Al Roker
2420,Amy Schumer
2421,Audrey Hepburn
2422,Anne Bancroft
2423,Ashley Greene
2424,Anne Hathaway
2425,Bernie Mac
2426,Amanda Seyfried
2427,Bill Rancic
2428,Ben Kingsley
2429,Ashley Greene
2430,Arnold Schwarzenegger
2431,Alx James
2432,Benjamin Bratt
2433,Arnold Schwarzenegger
2434,Al Pacino
2435,Bette Midler
2436,Alice Eve
2437,Adriana Barraza
2438,Andy Samberg
2439,Arnold Schwarzenegger
2440,Abigail Breslin
2441,Andreea Diaconu
2442,Bette Midler
2443,Abigail Breslin
2444,Anthony Perkins
2445,Bill Rancic
2446,Billy Bob Thornton
2447,Barabara Palvin
2448,Andrew Luck
2449,Bill O Reilly
2450,Aaron Taylor-Johnson
2451,Benedict Cumberbatch
2452,Amanda Seyfried
2453,Angela Bassett
2454,Benedict Cumberbatch
2455,Amanda Bynes
2456,Bill O Reilly
2457,Al Pacino
2458,Alex Pettyfer
2459,Alex Pettyfer
2460,Benicio Del Toro
2461,Albert Finney
2462,Anna Faris
2463,Anthony Perkins
2464,Anna Friel
2465,Ava Gardner
2466,Andreea Diaconu
2467,Anthony Hopkins
2468,Bill Murray
2469,Andy Samberg
2470,Annette Bening
2471,Anthony Perkins
2472,Aaron Judge
2473,Andy Murray
2474,Amy Schumer
2475,Alessandra Ambrosio
2476,Angelina Jolie
2477,Abigail Breslin
2478,Barabara Palvin
2479,Bette Midler
2480,Bill Pullman
2481,Adrien Brody
2482,Adrien Brody
2483,Anjelica Huston
2484,Alan Alda
2485,Betty White
2486,Benedict Cumberbatch
2487,Amanda Bynes
2488,Benjamin Bratt
2489,Audrey Tautou
2490,Alexander Skarsgard
2491,Ashley Graham
2492,Andreea Diaconu
2493,Andy Samberg
2494,Andrew Luck
2495,Barabara Palvin
2496,Anthony Perkins
2497,Alex Pettyfer
2498,Analeigh Tipton
2499,Barabara Palvin
2500,Barbra Streisand
2501,Ali Larter
2502,Ashley Greene
2503,Anna Paquin
2504,Angelina Jolie
2505,Aaron Taylor-Johnson
2506,Alex Pettyfer
2507,Andy Murray
2508,Amanda Bynes
2509,Andreea Diaconu
2510,Anna Paquin
2511,Alexandra Daddario
2512,Ashley Judd
2513,Anna Friel
2514,Anderson Cooper
2515,Analeigh Tipton
2516,Aaron Judge
2517,Ben Johnson
2518,Andy Samberg
2519,Bette Midler
2520,Amy Schumer
2521,Analeigh Tipton
2522,Barabara Palvin
2523,Alx James
2524,Alx James
2525,Bill Hader
2526,Andy Samberg
2527,Barry Pepper
2528,Ben Johnson
2529,Andy Samberg
2530,Abigail Breslin
2531,AnnaSophia Robb
2532,Aaron Taylor-Johnson
2533,Andreea Diaconu
2534,Angela Bassett
2535,Adam Sandler
2536,Benicio Del Toro
2537,Ali Larter
2538,Ben Affleck
2539,Betty White
2540,Alice Eve
2541,Andie MacDowell
2542,Amy Adams
2543,Anna Kendrick
2544,Anne Bancroft
2545,Alicia Vikander
2546,Ali Larter
2547,Audrey Tautou
2548,Berenice Bejo
2549,Analeigh Tipton
2550,Anna Faris
2551,Benedict Cumberbatch
2552,Albert Finney
2553,Barabara Palvin
2554,Akemi Darenogare
2555,Alex Pettyfer
2556,Barbra Streisand
2557,Alessandra Ambrosio
2558,Amanda Seyfried
2559,Amanda Bynes
2560,Anthony Hopkins
2561,Ashley Greene
2562,Benicio Del Toro
2563,Anthony Perkins
2564,Ashley Graham
2565,Ben Kingsley
2566,Bella Hadid
2567,Barbra Streisand
2568,Betty White
2569,Billy Bob Thornton
2570,Bill O Reilly
2571,Alexander Skarsgard
2572,Ben Foster
2573,Ashley Graham
2574,Anna Paquin
2575,Amanda Peet
2576,Alan Alda
2577,Armin Mueller-Stahl
2578,Andreea Diaconu
2579,Alexander Skarsgard
2580,Amber Heard
2581,Andy Serkis
2582,Ashton Kutcher
2583,Audrey Hepburn
2584,Barbra Streisand
2585,Bill O Reilly
2586,Bill Hader
2587,Alan Arkin
2588,Alan Rickman
2589,Audrey Hepburn
2590,Adriana Barraza
2591,Benjamin Bratt
2592,Aaron Taylor-Johnson
2593,Barbra Streisand
2594,Anthony Mackie
2595,Adrianne Palicki
2596,Abigail Breslin
2597,Anna Paquin
2598,Ben Foster
2599,Ashley Judd
2600,Amanda Seyfried
2601,Adrien Brody
2602,Anne Hathaway
2603,Anne Baxter
2604,Amanda Seyfried
2605,Bernie Mac
2606,Bernie Mac
2607,Andie MacDowell
2608,Ben Foster
2609,Alan Alda
2610,Alec Baldwin
2611,Analeigh Tipton
2612,Aaron Taylor-Johnson
2613,Bill Paxton
2614,Anna Friel
2615,Adriana Lima
2616,Anthony Mackie
2617,Anna Paquin
2618,Ben Stiller
2619,Alice Eve
2620,Audrey Hepburn
2621,Andy Garcia
2622,Amanda Peet
2623,Aaron Judge
2624,Ava Gardner
2625,Alex Pettyfer
2626,Alex Pettyfer
2627,Billy Bob Thornton
2628,Alec Baldwin
2629,Alx James
2630,Bill Hader
2631,Ashton Kutcher
2632,Adele
2633,Andrew Lincoln
2634,Audrey Tautou
2635,Benicio Del Toro
2636,Andie MacDowell
2637,Andy Garcia
2638,Aaron Taylor-Johnson
2639,Andie MacDowell
2640,Anna Kendrick
2641,Ava Gardner
2642,Andy Samberg
2643,Andie MacDowell
2644,Audrey Tautou
2645,Anjelica Huston
2646,Bill O Reilly
2647,Ben Foster
2648,Ben Kingsley
2649,Anna Friel
2650,Andie MacDowell
2651,Bill Daley
2652,Barry Pepper
2653,Aaron Taylor-Johnson
2654,Anna Kendrick
2655,Angela Bassett
2656,Andy Serkis
2657,Ali Larter
2658,Barbra Streisand
2659,Anthony Hopkins
2660,Anna Friel
2661,Andy Garcia
2662,Alx James
2663,Alessandra Ambrosio
2664,Amy Adams
2665,Anna Friel
2666,Beyonce Knowles
2667,Adam Sandler
2668,Ashley Greene
2669,Barbra Streisand
2670,Anna Faris
2671,Anna Paquin
2672,Anna Kendrick
2673,Alan Arkin
2674,Anthony Perkins
2675,Andy Serkis
2676,Alan Rickman
2677,Alessandra Ambrosio
2678,Anderson Cooper
2679,Alec Baldwin
2680,Ashley Greene
2681,Berenice Bejo
2682,Anne Bancroft
2683,Ashley Graham
2684,Ben Foster
2685,Anne Bancroft
2686,Analeigh Tipton
2687,Alexis Thorpe
2688,Bill O Reilly
2689,Al Roker
2690,Bill Murray
2691,Annette Bening
2692,Ashley Greene
2693,Audrey Tautou
2694,Audrey Hepburn
2695,Berenice Bejo
2696,Ashley Graham
2697,Ben Foster
2698,Betty White
2699,Barabara Palvin
2700,Armin Mueller-Stahl
2701,Aaron Paul
2702,Alex Pettyfer
2703,Alan Alda
2704,Angela Bassett
2705,Alicia Vikander
2706,Amanda Peet
2707,Barbra Streisand
2708,Ben Affleck
2709,Bill Paxton
2710,Bernie Mac
2711,Adele
2712,Ava Gardner
2713,Anthony Mackie
2714,Amanda Seyfried
2715,Andie MacDowell
2716,Adrianne Palicki
2717,Adele
2718,Andreea Diaconu
2719,Anjelica Huston
2720,Abigail Breslin
2721,Bill Murray
2722,Bette Midler
2723,Anna Faris
2724,Benedict Cumberbatch
2725,Barbra Streisand
2726,Amy Ryan
2727,Benedict Cumberbatch
2728,Andrew Lincoln
2729,Benedict Cumberbatch
2730,Amy Adams
2731,Albert Finney
2732,Anthony Perkins
2733,Amy Schumer
2734,Bernie Mac
2735,Arnold Schwarzenegger
2736,Bill Murray
2737,Bill Rancic
2738,Amanda Peet
2739,Alan Alda
2740,Amber Heard
2741,Bill Daley
2742,Benjamin Bratt
2743,Ashley Graham
2744,Bill Murray
2745,Bill Hader
2746,Anthony Perkins
2747,Audrey Hepburn
2748,Abigail Breslin
2749,Anjelica Huston
2750,Audrey Hepburn
2751,Bill O Reilly
2752,Andy Samberg
2753,Aaron Paul
2754,Abigail Breslin
2755,Alan Arkin
2756,Adriana Lima
2757,Adriana Lima
2758,Armin Mueller-Stahl
2759,Alan Alda
2760,Arnold Schwarzenegger
2761,Bill Paxton
2762,Anthony Perkins
2763,Akemi Darenogare
2764,Bette Midler
2765,Amber Heard
2766,Bernie Mac
2767,Ali Larter
2768,Benedict Cumberbatch
2769,Alessandra Ambrosio
2770,Ben Affleck
2771,Andy Serkis
2772,Bill Pullman
2773,Amy Schumer
2774,Beyonce Knowles
2775,Ava Gardner
2776,Amy Adams
2777,Anna Sui
2778,Alex Pettyfer
2779,Aaron Paul
2780,Aaron Judge
2781,Ben Affleck
2782,Barry Pepper
2783,Audrey Tautou
2784,Anjelica Huston
2785,Barabara Palvin
2786,Bernie Mac
2787,Amy Adams
2788,Anne Baxter
2789,Alexis Thorpe
2790,Berenice Bejo
2791,AnnaSophia Robb
2792,Anne Bancroft
2793,AnnaSophia Robb
2794,Annette Bening
2795,Armin Mueller-Stahl
2796,Amanda Seyfried
2797,Anne Hathaway
2798,Anne Hathaway
2799,Bill Pullman
2800,Andy Serkis
2801,Abigail Breslin
2802,Amy Ryan
2803,Anjelica Huston
2804,Anna Friel
2805,Andy Samberg
2806,AnnaSophia Robb
2807,Angelina Jolie
2808,Art Carney
2809,Adrien Brody
2810,Aaron Paul
2811,Ashley Judd
2812,Bill Paxton
2813,Akemi Darenogare
2814,Ben Kingsley
2815,Anna Faris
2816,Andy Murray
2817,Ali Larter
2818,Bernie Mac
2819,Adrien Brody
2820,Alexis Thorpe
2821,Andrew Lincoln
2822,Andrew Lincoln
2823,Alan Arkin
2824,Amanda Crew
2825,Anderson Cooper
2826,Andrew Garfield
2827,Alec Baldwin
2828,Albert Brooks
2829,Aaron Judge
2830,Bill Paxton
2831,Alan Rickman
2832,Anderson Cooper
2833,Anjelica Huston
2834,Anna Paquin
2835,Amanda Seyfried
2836,Audrey Tautou
2837,Alexandra Daddario
2838,Beyonce Knowles
2839,Angela Bassett
2840,Bill Murray
2841,AnnaSophia Robb
2842,Anjelica Huston
2843,Andrew Luck
2844,Andy Garcia
2845,Alec Baldwin
2846,Audrey Tautou
2847,Billy Bob Thornton
2848,Anna Kendrick
2849,Alicia Vikander
2850,Adriana Barraza
2851,Angelina Jolie
2852,Ashley Greene
2853,Ben Stiller
2854,AnnaSophia Robb
2855,Amy Ryan
2856,Alx James
2857,Amanda Peet
2858,Berenice Bejo
2859,Andrew Luck
2860,Amanda Bynes
2861,Annette Bening
2862,Andreea Diaconu
2863,Andy Samberg
2864,Ben Affleck
2865,Adrianne Palicki
2866,Alexander Skarsgard
2867,Andrew Garfield
2868,Amanda Seyfried
2869,Annette Bening
2870,Anderson Cooper
2871,Barbra Streisand
2872,Ashley Judd
2873,Barabara Palvin
2874,Albert Finney
2875,Billy Bob Thornton
2876,Anderson Cooper
2877,Aaron Taylor-Johnson
2878,AnnaSophia Robb
2879,Betty White
2880,Benedict Cumberbatch
2881,Andie MacDowell
2882,Ashley Graham
2883,Barabara Palvin
2884,Beyonce Knowles
2885,Audrey Hepburn
2886,Art Carney
2887,Barry Pepper
2888,Benedict Cumberbatch
2889,Aaron Taylor-Johnson
2890,Akemi Darenogare
2891,Alessandra Ambrosio
2892,Ava Gardner
2893,Anna Faris
2894,Amy Schumer
2895,Bill Daley
2896,Amanda Seyfried
2897,Adriana Lima
2898,Adrien Brody
2899,Anjelica Huston
2900,Benedict Cumberbatch
2901,Anna Paquin
2902,Al Pacino
2903,Alan Arkin
2904,Benedict Cumberbatch
2905,Alex Pettyfer
2906,Arnold Schwarzenegger
2907,Albert Brooks
2908,Ashley Judd
2909,Alex Pettyfer
2910,Anne Baxter
2911,Alicia Vikander
2912,Amanda Seyfried
2913,Ben Kingsley
2914,Audrey Hepburn
2915,Adrianne Palicki
2916,Ashley Judd
2917,Adriana Barraza
2918,Ava Gardner
2919,Andy Murray
2920,Adele
2921,Alexander Skarsgard
2922,Barabara Palvin
2923,AnnaSophia Robb
2924,Andie MacDowell
2925,Alice Eve
2926,Armin Mueller-Stahl
2927,Aaron Paul
2928,Amy Adams
2929,Aaron Judge
2930,Amy Ryan
2931,Angela Bassett
2932,Ashley Greene
2933,Alice Eve
2934,Albert Finney
2935,Analeigh Tipton
2936,Anthony Hopkins
2937,Alan Rickman
2938,Anjelica Huston
2939,Angela Bassett
2940,Amber Heard
2941,Anna Faris
2942,Adam Sandler
2943,Beyonce Knowles
2944,Antonio Banderas
2945,Alex Pettyfer
2946,Amanda Peet
2947,Alexis Thorpe
2948,Anthony Mackie
2949,Albert Brooks
2950,Annette Bening
2951,Berenice Bejo
2952,Amanda Bynes
2953,Amanda Crew
2954,Aaron Paul
2955,Barry Pepper
2956,Anna Friel
2957,Bernie Mac
2958,Andie MacDowell
2959,Andrew Lincoln
2960,Al Pacino
2961,bella thorne
2962,Ben Stiller
2963,Alexandra Daddario
2964,Anthony Mackie
2965,Andie MacDowell
2966,Angelina Jolie
2967,Billy Bob Thornton
2968,Bill Rancic
2969,Anne Bancroft
2970,Anne Baxter
2971,Barbra Streisand
2972,Alex Pettyfer
2973,Alan Arkin
2974,Beyonce Knowles
2975,Benjamin Bratt
2976,Benicio Del Toro
2977,Ashton Kutcher
2978,Alx James
2979,Anna Faris
2980,Amy Adams
2981,Alan Alda
2982,Antonio Banderas
2983,Ashley Judd
2984,Al Pacino
2985,Benedict Cumberbatch
2986,Alan Rickman
2987,Albert Brooks
2988,Abigail Breslin
2989,Aaron Judge
2990,Alice Eve
2991,Alan Arkin
2992,Andy Murray
2993,Alexander Skarsgard
2994,Aaron Judge
2995,Antonio Banderas
2996,Anna Faris
2997,Amanda Peet
2998,Andy Murray
2999,Alexis Thorpe
3000,Aaron Taylor-Johnson
3001,Anthony Mackie
3002,Angelina Jolie
3003,Ben Foster
3004,Bill O Reilly
3005,Anne Hathaway
3006,Audrey Tautou
3007,Annette Bening
3008,bella thorne
3009,AnnaSophia Robb
3010,bella thorne
3011,Amanda Peet
3012,Bill Pullman
3013,Albert Finney
3014,Bill Paxton
3015,Ashley Judd
3016,Anthony Mackie
3017,Benjamin Bratt
3018,Alexander Skarsgard
3019,Abigail Breslin
3020,Alexis Thorpe
3021,Angela Bassett
3022,Andy Serkis
3023,Ashley Judd
3024,Bill O Reilly
3025,Ava Gardner
3026,Amanda Bynes
3027,Adrien Brody
3028,Annette Bening
3029,Ashley Judd
3030,Annette Bening
3031,Armin Mueller-Stahl
3032,Albert Finney
3033,Barbra Streisand
3034,Annette Bening
3035,Amy Ryan
3036,Bill Pullman
3037,Bella Hadid
3038,Anjelica Huston
3039,Adam Sandler
3040,Bill Pullman
3041,Bella Hadid
3042,Bill Rancic
3043,Amanda Peet
3044,Ben Johnson
3045,Armin Mueller-Stahl
3046,Albert Finney
3047,Adriana Lima
3048,Amber Heard
3049,Armin Mueller-Stahl
3050,Anna Faris
3051,Barry Pepper
3052,Anderson Cooper
3053,Alx James
3054,Alex Pettyfer
3055,Bette Midler
3056,Alexis Thorpe
3057,Anne Hathaway
3058,Bernie Mac
3059,Ben Affleck
3060,Adele
3061,Andrew Lincoln
3062,Antonio Banderas
3063,Analeigh Tipton
3064,Audrey Tautou
3065,Benedict Cumberbatch
3066,Andrew Luck
3067,Alan Alda
3068,Andrew Luck
3069,Bill Paxton
3070,Andy Murray
3071,Ava Gardner
3072,Ashley Judd
3073,Analeigh Tipton
3074,Anne Baxter
3075,Bella Hadid
3076,Andrew Garfield
3077,Anne Bancroft
3078,Betty White
3079,Adam Sandler
3080,Aaron Taylor-Johnson
3081,Anna Kendrick
3082,Arnold Schwarzenegger
3083,Bill O Reilly
3084,Amy Schumer
3085,Arnold Schwarzenegger
3086,Benedict Cumberbatch
3087,Anderson Cooper
3088,Anne Baxter
3089,Anthony Perkins
3090,Bette Midler
3091,Ava Gardner
3092,Andy Murray
3093,Aaron Taylor-Johnson
3094,Akemi Darenogare
3095,Benjamin Bratt
3096,Benicio Del Toro
3097,Ben Affleck
3098,Ashley Greene
3099,Ashley Judd
3100,Anna Faris
3101,Ben Foster
3102,Amanda Peet
3103,Alexis Thorpe
3104,Bill Paxton
3105,Alessandra Ambrosio
3106,Anna Paquin
3107,Bill Pullman
3108,Beyonce Knowles
3109,Adrien Brody
3110,Anna Faris
3111,Alan Alda
3112,Bill Murray
3113,Bill Daley
3114,Amanda Bynes
3115,Alexis Thorpe
3116,Anthony Perkins
3117,Ben Foster
3118,Barbra Streisand
3119,Audrey Hepburn
3120,bella thorne
3121,Anne Bancroft
3122,Alessandra Ambrosio
3123,Alexis Thorpe
3124,Adrianne Palicki
3125,Anthony Perkins
3126,Amy Adams
3127,Andy Murray
3128,Benjamin Bratt
3129,Adam Sandler
3130,Audrey Tautou
3131,Angela Bassett
3132,Barbra Streisand
3133,Adrien Brody
3134,Al Roker
3135,Alessandra Ambrosio
3136,Alx James
3137,Adrien Brody
3138,Ben Foster
3139,Ashton Kutcher
3140,Bill Daley
3141,Ava Gardner
3142,Armin Mueller-Stahl
3143,Alx James
3144,Aaron Taylor-Johnson
3145,Anthony Perkins
3146,Anne Baxter
3147,Ashley Greene
3148,Aaron Judge
3149,Ashley Graham
3150,Bella Hadid
3151,Ava Gardner
3152,Ashley Judd
3153,Ben Johnson
3154,Adele
3155,Aaron Paul
3156,Arnold Schwarzenegger
3157,Bernie Mac
3158,Ben Foster
3159,Akemi Darenogare
3160,Amy Ryan
3161,Andie MacDowell
3162,Adam Sandler
3163,Ben Kingsley
3164,Alexander Skarsgard
3165,Anthony Hopkins
3166,Anthony Mackie
3167,Anna Friel
3168,Aaron Judge
3169,Billy Bob Thornton
3170,Amanda Crew
3171,Ashley Greene
3172,Amy Ryan
3173,Berenice Bejo
3174,Anthony Perkins
3175,Andreea Diaconu
3176,Alex Pettyfer
3177,Adrianne Palicki
3178,Amanda Crew
3179,Adele
3180,Alx James
3181,Adele
3182,Armin Mueller-Stahl
3183,Barry Pepper
3184,Aaron Taylor-Johnson
3185,Andie MacDowell
3186,Ben Affleck
3187,Alexander Skarsgard
3188,Ava Gardner
3189,Anna Friel
3190,Amy Adams
3191,Anthony Perkins
3192,Beyonce Knowles
3193,Aaron Paul
3194,Al Pacino
3195,Anna Friel
3196,Adriana Barraza
3197,Bill Hader
3198,Barry Pepper
3199,AnnaSophia Robb
3200,Albert Finney
3201,bella thorne
3202,AnnaSophia Robb
3203,Amanda Peet
3204,Andreea Diaconu
3205,Benedict Cumberbatch
3206,Amy Adams
3207,Amanda Bynes
3208,Ben Affleck
3209,Alx James
3210,Alec Baldwin
3211,Alan Alda
3212,Andreea Diaconu
3213,Bill Paxton
3214,Bill Paxton
3215,Bella Hadid
3216,Anthony Perkins
3217,Bill Pullman
3218,Alan Arkin
3219,Anna Sui
3220,Bill Rancic
3221,Aaron Paul
3222,Bill Hader
3223,Andrew Lincoln
3224,Alx James
3225,Andy Murray
3226,Ashley Judd
3227,Alec Baldwin
3228,Anna Kendrick
3229,Benicio Del Toro
3230,Barbra Streisand
3231,Benicio Del Toro
3232,Amanda Bynes
3233,Aaron Paul
3234,Andrew Lincoln
3235,Anthony Hopkins
3236,Betty White
3237,Audrey Hepburn
3238,Bill Pullman
3239,Anna Friel
3240,Adrien Brody
3241,Alice Eve
3242,Anna Friel
3243,Bill Murray
3244,Benedict Cumberbatch
3245,Anderson Cooper
3246,Andy Garcia
3247,Anthony Hopkins
3248,Audrey Tautou
3249,Akemi Darenogare
3250,Alice Eve
3251,Anderson Cooper
3252,Andy Murray
3253,Alice Eve
3254,Bill O Reilly
3255,Ava Gardner
3256,Alexandra Daddario
3257,Adriana Lima
3258,Anna Friel
3259,Adriana Barraza
3260,Ben Stiller
3261,Alex Pettyfer
3262,Alec Baldwin
3263,Adriana Lima
3264,Akemi Darenogare
3265,Ashley Graham
3266,Amanda Bynes
3267,Andy Garcia
3268,Ben Foster
3269,Andrew Lincoln
3270,Bill Murray
3271,Anna Faris
3272,Anthony Mackie
3273,Anne Hathaway
3274,Bill O Reilly
3275,Al Pacino
3276,Amanda Peet
3277,Adam Sandler
3278,Alx James
3279,Anthony Mackie
3280,Bill Daley
3281,Ben Stiller
3282,Amy Schumer
3283,Bill Rancic
3284,Anne Baxter
3285,Anthony Hopkins
3286,Andrew Garfield
3287,Al Pacino
3288,Barry Pepper
3289,Al Roker
3290,Alexandra Daddario
3291,Angelina Jolie
3292,Amy Adams
3293,Ashley Greene
3294,Antonio Banderas
3295,Alan Arkin
3296,Anne Hathaway
3297,Adele
3298,Al Pacino
3299,Bette Midler
3300,Alan Alda
3301,Anna Kendrick
3302,Ben Johnson
3303,Billy Bob Thornton
3304,Adele
3305,Bella Hadid
3306,Amanda Crew
3307,Alex Pettyfer
3308,Benicio Del Toro
3309,Al Roker
3310,Amy Schumer
3311,Anna Kendrick
3312,Adriana Lima
3313,Adrien Brody
3314,Armin Mueller-Stahl
3315,Anthony Mackie
3316,Ashley Judd
3317,Amber Heard
3318,Bella Hadid
3319,Ashton Kutcher
3320,Aaron Judge
3321,Analeigh Tipton
3322,bella thorne
3323,Anna Paquin
3324,Amanda Bynes
3325,Bill Rancic
3326,Anthony Perkins
3327,Ali Larter
3328,bella thorne
3329,Anne Baxter
3330,Bill O Reilly
3331,Benicio Del Toro
3332,Audrey Hepburn
3333,Bernie Mac
3334,Andie MacDowell
3335,Albert Brooks
3336,Amanda Crew
3337,Audrey Tautou
3338,Billy Bob Thornton
3339,Bill O Reilly
3340,Aaron Paul
3341,Beyonce Knowles
3342,Bill Rancic
3343,Adrien Brody
3344,Beyonce Knowles
3345,Alessandra Ambrosio
3346,Bette Midler
3347,Adrien Brody
3348,Bill Daley
3349,Anne Hathaway
3350,Alice Eve
3351,Audrey Hepburn
3352,Bette Midler
3353,Andy Garcia
3354,Amanda Seyfried
3355,Antonio Banderas
3356,Alexandra Daddario
3357,Alexandra Daddario
3358,Ava Gardner
3359,Adrianne Palicki
3360,Anna Faris
3361,Ben Johnson
3362,Alexandra Daddario
3363,Anthony Hopkins
3364,Alice Eve
3365,Amanda Bynes
3366,Bernie Mac
3367,Angelina Jolie
3368,Adam Sandler
3369,Andy Serkis
3370,Andy Serkis
3371,Aaron Paul
3372,Al Roker
3373,Ava Gardner
3374,Anthony Mackie
3375,Benicio Del Toro
3376,Antonio Banderas
3377,Al Roker
3378,Alex Pettyfer
3379,Anthony Hopkins
3380,Billy Bob Thornton
3381,Anne Baxter
3382,Amber Heard
3383,Anne Hathaway
3384,Arnold Schwarzenegger
3385,Amy Schumer
3386,Andreea Diaconu
3387,Anthony Hopkins
3388,Anna Paquin
3389,Anne Bancroft
3390,Ashley Greene
3391,Ashley Greene
3392,Bill Murray
3393,Adele
3394,Bill Paxton
3395,Bill Paxton
3396,Ben Foster
3397,Aaron Paul
3398,Alx James
3399,Bill Paxton
3400,Aaron Judge
3401,Ava Gardner
3402,Ali Larter
3403,Bill O Reilly
3404,Amy Adams
3405,Al Pacino
3406,Andreea Diaconu
3407,Bernie Mac
3408,Benicio Del Toro
3409,Andy Serkis
3410,Anna Faris
3411,Bernie Mac
3412,Amanda Peet
3413,Ashley Greene
3414,Audrey Hepburn
3415,Amy Schumer
3416,Anthony Perkins
3417,Berenice Bejo
3418,Beyonce Knowles
3419,Alx James
3420,Alan Alda
3421,Anne Bancroft
3422,Adrien Brody
3423,Anthony Perkins
3424,Benicio Del Toro
3425,Ben Foster
3426,Anthony Perkins
3427,Beyonce Knowles
3428,Adam Sandler
3429,Alessandra Ambrosio
3430,AnnaSophia Robb
3431,Ashley Greene
3432,Alx James
3433,Alexandra Daddario
3434,Adrianne Palicki
3435,Ben Kingsley
3436,Anthony Perkins
3437,Andrew Luck
3438,Bella Hadid
3439,Alexis Thorpe
3440,Alexandra Daddario
3441,Alice Eve
3442,Adrien Brody
3443,Alex Pettyfer
3444,Bill O Reilly
3445,Andy Murray
3446,Anderson Cooper
3447,Ali Larter
3448,Alexandra Daddario
3449,Ben Stiller
3450,Al Roker
3451,Analeigh Tipton
3452,Aaron Taylor-Johnson
3453,Bill O Reilly
3454,Bella Hadid
3455,Ashley Judd
3456,Alexander Skarsgard
3457,Benjamin Bratt
3458,Anjelica Huston
3459,Alex Pettyfer
3460,Ava Gardner
3461,Alexis Thorpe
3462,Andy Garcia
3463,Adrianne Palicki
3464,Bill Pullman
3465,Ava Gardner
3466,Al Pacino
3467,Andy Samberg
3468,Adrianne Palicki
3469,Anna Paquin
3470,Benjamin Bratt
3471,Anthony Hopkins
3472,Andie MacDowell
3473,Aaron Paul
3474,Adriana Barraza
3475,Ashley Greene
3476,Al Roker
3477,Bette Midler
3478,Bill Murray
3479,Andrew Lincoln
3480,Anna Paquin
3481,Barbra Streisand
3482,Alexandra Daddario
3483,Adrien Brody
3484,Adam Sandler
3485,Adriana Barraza
3486,Art Carney
3487,Andy Serkis
3488,Bette Midler
3489,Antonio Banderas
3490,Analeigh Tipton
3491,Andreea Diaconu
3492,Alec Baldwin
3493,Andy Garcia
3494,Angela Bassett
3495,Adriana Lima
3496,Adriana Barraza
3497,Anna Paquin
3498,Alexis Thorpe
3499,Anjelica Huston
3500,Aaron Judge
3501,Akemi Darenogare
3502,Anjelica Huston
3503,Anthony Perkins
3504,Alice Eve
3505,Anna Faris
3506,Armin Mueller-Stahl
3507,Anjelica Huston
3508,Ashton Kutcher
3509,Amy Adams
3510,Abigail Breslin
3511,Andy Serkis
3512,Bill Rancic
3513,Anna Faris
3514,Alan Rickman
3515,Al Roker
3516,Amanda Bynes
3517,Angela Bassett
3518,Ben Foster
3519,Anthony Perkins
3520,Alx James
3521,Anne Baxter
3522,Andrew Lincoln
3523,Alexandra Daddario
3524,Antonio Banderas
3525,Annette Bening
3526,Andy Serkis
3527,AnnaSophia Robb
3528,Benicio Del Toro
3529,Bella Hadid
3530,Anna Kendrick
3531,Amy Schumer
3532,Bill Daley
3533,Andreea Diaconu
3534,Antonio Banderas
3535,Barbra Streisand
3536,Andy Serkis
3537,Betty White
3538,AnnaSophia Robb
3539,Antonio Banderas
3540,Alexis Thorpe
3541,Ali Larter
3542,Audrey Hepburn
3543,Anna Faris
3544,Betty White
3545,Ava Gardner
3546,Alan Alda
3547,Albert Brooks
3548,Bill Rancic
3549,Betty White
3550,Armin Mueller-Stahl
3551,Alicia Vikander
3552,Benicio Del Toro
3553,Abigail Breslin
3554,Alexandra Daddario
3555,Adrianne Palicki
3556,Akemi Darenogare
3557,Bette Midler
3558,Anna Sui
3559,Audrey Hepburn
3560,Anna Paquin
3561,Anthony Hopkins
3562,Billy Bob Thornton
3563,Annette Bening
3564,Amy Ryan
3565,Anna Kendrick
3566,Betty White
3567,Anjelica Huston
3568,Alx James
3569,Anne Baxter
3570,Andrew Lincoln
3571,Berenice Bejo
3572,Anjelica Huston
3573,Anne Baxter
3574,Anne Bancroft
3575,Alicia Vikander
3576,Anne Hathaway
3577,Benicio Del Toro
3578,Andy Serkis
3579,Angela Bassett
3580,Beyonce Knowles
3581,Anthony Mackie
3582,Ben Affleck
3583,Bill Paxton
3584,Alice Eve
3585,Aaron Judge
3586,Alan Rickman
3587,Ashley Greene
3588,Amanda Bynes
3589,Ben Foster
3590,Benjamin Bratt
3591,Alicia Vikander
3592,Alan Arkin
3593,Ashton Kutcher
3594,Andy Serkis
3595,Benicio Del Toro
3596,Alx James
3597,Bill O Reilly
3598,Abigail Breslin
3599,Adam Sandler
3600,Alessandra Ambrosio
3601,Alexander Skarsgard
3602,Ava Gardner
3603,Alessandra Ambrosio
3604,Aaron Taylor-Johnson
3605,Alexandra Daddario
3606,Antonio Banderas
3607,Anna Faris
3608,Bill O Reilly
3609,Anjelica Huston
3610,Art Carney
3611,Andie MacDowell
3612,Bill Daley
3613,Bill Hader
3614,Bette Midler
3615,Ashley Judd
3616,Beyonce Knowles
3617,Alice Eve
3618,Betty White
3619,Anne Baxter
3620,Ben Foster
3621,Amanda Crew
3622,Amy Adams
3623,Betty White
3624,Alx James
3625,Anthony Perkins
3626,Bill Rancic
3627,Bill Rancic
3628,Alexandra Daddario
3629,Andie MacDowell
3630,Betty White
3631,Alexandra Daddario
3632,Bella Hadid
3633,Adrianne Palicki
3634,Angelina Jolie
3635,Alec Baldwin
3636,Bernie Mac
3637,Barabara Palvin
3638,Anna Paquin
3639,Bill O Reilly
3640,Amber Heard
3641,Andrew Garfield
3642,Ben Stiller
3643,Anna Kendrick
3644,Amanda Peet
3645,Bill O Reilly
3646,Aaron Judge
3647,Anne Hathaway
3648,Anne Bancroft
3649,Alan Rickman
3650,Art Carney
3651,Anna Friel
3652,bella thorne
3653,Analeigh Tipton
3654,Barbra Streisand
3655,Anderson Cooper
3656,Antonio Banderas
3657,Amy Schumer
3658,Bill Hader
3659,Anthony Hopkins
3660,Bill Rancic
3661,Anthony Perkins
3662,Aaron Taylor-Johnson
3663,Alexis Thorpe
3664,Bill Daley
3665,Albert Finney
3666,Adriana Barraza
3667,Amanda Bynes
3668,Anne Bancroft
3669,Ben Johnson
3670,Ava Gardner
3671,Adrien Brody
3672,Audrey Tautou
3673,Bill Pullman
3674,Ali Larter
3675,Anthony Perkins
3676,AnnaSophia Robb
3677,Arnold Schwarzenegger
3678,Benicio Del Toro
3679,Andrew Luck
3680,Amanda Bynes
3681,Albert Finney
3682,Ben Stiller
3683,Alx James
3684,Bernie Mac
3685,Annette Bening
3686,Anjelica Huston
3687,Ben Affleck
3688,Amanda Bynes
3689,Adele
3690,Bill Paxton
3691,Alice Eve
3692,Benedict Cumberbatch
3693,Anthony Mackie
3694,Adrianne Palicki
3695,Barabara Palvin
3696,Bill Murray
3697,Benjamin Bratt
3698,Armin Mueller-Stahl
3699,Amanda Seyfried
3700,Amanda Bynes
3701,Andreea Diaconu
3702,Bella Hadid
3703,Al Roker
3704,Ben Foster
3705,Anderson Cooper
3706,Ben Johnson
3707,Alan Alda
3708,Ben Foster
3709,Barry Pepper
3710,Arnold Schwarzenegger
3711,Anderson Cooper
3712,Ben Stiller
3713,Ava Gardner
3714,Betty White
3715,Benedict Cumberbatch
3716,Ashley Graham
3717,Adam Sandler
3718,Alessandra Ambrosio
3719,Adam Sandler
3720,Ben Kingsley
3721,Al Roker
3722,Andie MacDowell
3723,Amy Ryan
3724,Anderson Cooper
3725,Adele
3726,Albert Brooks
3727,Aaron Paul
3728,Aaron Judge
3729,Andy Garcia
3730,Bella Hadid
3731,Andrew Luck
3732,Amanda Crew
3733,Anna Friel
3734,Billy Bob Thornton
3735,Al Pacino
3736,Betty White
3737,Andreea Diaconu
3738,Andreea Diaconu
3739,Alx James
3740,Bette Midler
3741,Ashley Judd
3742,Barry Pepper
3743,Aaron Taylor-Johnson
3744,Alan Arkin
3745,Ava Gardner
3746,Bella Hadid
3747,Andy Murray
3748,Amanda Seyfried
3749,Benedict Cumberbatch
3750,Alx James
3751,Anderson Cooper
3752,Armin Mueller-Stahl
3753,Alan Arkin
3754,Angelina Jolie
3755,Bill Pullman
3756,Barabara Palvin
3757,Bill Paxton
3758,Ashley Judd
3759,Amanda Peet
3760,Aaron Taylor-Johnson
3761,Beyonce Knowles
3762,Alan Alda
3763,Angelina Jolie
3764,Ashley Graham
3765,Anna Paquin
3766,Alan Alda
3767,Ben Affleck
3768,Ashley Greene
3769,Anne Bancroft
3770,Abigail Breslin
3771,Alan Rickman
3772,Ben Foster
3773,Bernie Mac
3774,Ben Affleck
3775,Armin Mueller-Stahl
3776,Anna Paquin
3777,Adrianne Palicki
3778,Anna Friel
3779,Ben Affleck
3780,Amy Schumer
3781,Alexandra Daddario
3782,Adriana Barraza
3783,Ben Kingsley
3784,Adrien Brody
3785,Anne Bancroft
3786,Ben Johnson
3787,Alexandra Daddario
3788,Bill Paxton
3789,Bill Pullman
3790,Antonio Banderas
3791,Anna Faris
3792,Ben Johnson
3793,Adriana Lima
3794,Aaron Judge
3795,Ben Stiller
3796,Bill Daley
3797,Ben Stiller
3798,Alan Rickman
3799,Anne Baxter
3800,Barabara Palvin
3801,Amber Heard
3802,Benedict Cumberbatch
3803,Amanda Bynes
3804,Benjamin Bratt
3805,Bill Hader
3806,Berenice Bejo
3807,Amy Adams
3808,Armin Mueller-Stahl
3809,Ashley Judd
3810,Akemi Darenogare
3811,Adrien Brody
3812,Ben Affleck
3813,Anderson Cooper
3814,Adriana Barraza
3815,Ava Gardner
3816,Aaron Judge
3817,Alan Rickman
3818,Alec Baldwin
3819,Alessandra Ambrosio
3820,Bill Hader
3821,Anderson Cooper
3822,Amanda Bynes
3823,Aaron Judge
3824,Ben Johnson
3825,Bernie Mac
3826,Bette Midler
3827,AnnaSophia Robb
3828,Armin Mueller-Stahl
3829,Anne Hathaway
3830,Albert Brooks
3831,Bernie Mac
3832,Alexander Skarsgard
3833,Alexandra Daddario
3834,Barry Pepper
3835,Bernie Mac
3836,Bill O Reilly
3837,Ali Larter
3838,Bette Midler
3839,Armin Mueller-Stahl
3840,Andie MacDowell
3841,Amber Heard
3842,Ben Johnson
3843,Ben Affleck
3844,Ben Affleck
3845,Andreea Diaconu
3846,Alex Pettyfer
3847,Alex Pettyfer
3848,Audrey Hepburn
3849,Analeigh Tipton
3850,Adam Sandler
3851,Ashley Greene
3852,Benedict Cumberbatch
3853,Barabara Palvin
3854,Alex Pettyfer
3855,Bella Hadid
3856,Arnold Schwarzenegger
3857,Betty White
3858,Anne Bancroft
3859,Anna Faris
3860,AnnaSophia Robb
3861,Anna Faris
3862,Aaron Judge
3863,Ben Foster
3864,Audrey Hepburn
3865,Amy Adams
3866,Alec Baldwin
3867,Bill Murray
3868,Ben Stiller
3869,Anna Friel
3870,Andy Garcia
3871,Bella Hadid
3872,Anderson Cooper
3873,Anna Kendrick
3874,bella thorne
3875,Beyonce Knowles
3876,Adele
3877,Armin Mueller-Stahl
3878,Alan Alda
3879,Adrianne Palicki
3880,Alan Alda
3881,Ben Foster
3882,Ben Johnson
3883,Ava Gardner
3884,Adrien Brody
3885,Abigail Breslin
3886,Alex Pettyfer
3887,Anne Bancroft
3888,Angelina Jolie
3889,Bill Hader
3890,Adele
3891,Antonio Banderas
3892,Amanda Bynes
3893,Alexis Thorpe
3894,Anderson Cooper
3895,Andy Serkis
3896,Benicio Del Toro
3897,Arnold Schwarzenegger
3898,Adrien Brody
3899,Bill Murray
3900,Billy Bob Thornton
3901,AnnaSophia Robb
3902,Andy Murray
3903,Ali Larter
3904,Bella Hadid
3905,Amanda Bynes
3906,Bernie Mac
3907,bella thorne
3908,Ben Foster
3909,Ben Foster
3910,Anthony Mackie
3911,Abigail Breslin
3912,Andie MacDowell
3913,Anna Kendrick
3914,Andy Samberg
3915,Anne Baxter
3916,Adriana Lima
3917,Anna Paquin
3918,Ben Johnson
3919,Andrew Luck
3920,Aaron Judge
3921,Adriana Lima
3922,Andy Garcia
3923,Ben Affleck
3924,Billy Bob Thornton
3925,Alicia Vikander
3926,Al Pacino
3927,Anna Faris
3928,Anna Friel
3929,Adriana Barraza
3930,Bette Midler
3931,Anna Faris
3932,Alicia Vikander
3933,Anne Baxter
3934,Ashley Greene
3935,Barbra Streisand
3936,Berenice Bejo
3937,Ava Gardner
3938,Anthony Mackie
3939,Alec Baldwin
3940,Aaron Judge
3941,Beyonce Knowles
3942,Benicio Del Toro
3943,Amy Adams
3944,Adriana Lima
3945,Aaron Judge
3946,Anthony Hopkins
3947,Alec Baldwin
3948,Betty White
3949,Akemi Darenogare
3950,Billy Bob Thornton
3951,Alessandra Ambrosio
3952,Ashley Judd
3953,Bill O Reilly
3954,Art Carney
3955,Alexander Skarsgard
3956,Andy Samberg
3957,Al Roker
3958,Ashley Greene
3959,Abigail Breslin
3960,Audrey Hepburn
3961,Ben Foster
3962,Anthony Hopkins
3963,Adriana Barraza
3964,Andy Samberg
3965,Bill O Reilly
3966,Berenice Bejo
3967,Alan Arkin
3968,bella thorne
3969,Alex Pettyfer
3970,Berenice Bejo
3971,Aaron Paul
3972,Andy Serkis
3973,Armin Mueller-Stahl
3974,Bill Paxton
3975,Ben Stiller
3976,Bella Hadid
3977,Andrew Lincoln
3978,Alex Pettyfer
3979,Ben Affleck
3980,Anjelica Huston
3981,AnnaSophia Robb
3982,Ava Gardner
3983,Betty White
3984,Anne Baxter
3985,Andy Serkis
3986,Al Roker
3987,Alan Rickman
3988,Alx James
3989,Alice Eve
3990,Alessandra Ambrosio
3991,Bette Midler
3992,Ben Kingsley
3993,Adele
3994,Betty White
3995,Ashley Judd
3996,Anna Sui
3997,Adrianne Palicki
3998,Amanda Bynes
3999,Ali Larter
4000,Anna Paquin
4001,Amanda Peet
4002,Alan Alda
4003,Andreea Diaconu
4004,Audrey Hepburn
4005,Adriana Barraza
4006,Analeigh Tipton
4007,Bill Murray
4008,Annette Bening
4009,Alexander Skarsgard
4010,Andy Murray
4011,Adrien Brody
4012,Bernie Mac
4013,Anne Baxter
4014,Andrew Garfield
4015,Anthony Mackie
4016,Anna Paquin
4017,Barry Pepper
4018,Al Roker
4019,Annette Bening
4020,Arnold Schwarzenegger
4021,Ben Johnson
4022,Barabara Palvin
4023,Anne Bancroft
4024,Alexandra Daddario
4025,Ben Foster
4026,Anjelica Huston
4027,Ben Stiller
4028,Bill Daley
4029,Alex Pettyfer
4030,Anthony Perkins
4031,Adriana Barraza
4032,Armin Mueller-Stahl
4033,Ben Johnson
4034,Andrew Lincoln
4035,Ben Affleck
4036,Angela Bassett
4037,Bill Paxton
4038,Anne Baxter
4039,Armin Mueller-Stahl
4040,Alexandra Daddario
4041,Angelina Jolie
4042,Art Carney
4043,Anthony Mackie
4044,Anne Bancroft
4045,Betty White
4046,Alx James
4047,Alan Arkin
4048,Adam Sandler
4049,Audrey Hepburn
4050,Billy Bob Thornton
4051,Adrien Brody
4052,Anthony Hopkins
4053,Anna Friel
4054,Bill Paxton
4055,Alexandra Daddario
4056,Benjamin Bratt
4057,Albert Finney
4058,Al Pacino
4059,Albert Finney
4060,Alan Arkin
4061,Alan Rickman
4062,Ashton Kutcher
4063,Ashley Greene
4064,Audrey Hepburn
4065,Art Carney
4066,Al Pacino
4067,Ben Johnson
4068,Alan Arkin
4069,Anne Hathaway
4070,Amy Ryan
4071,Barry Pepper
4072,Adele
4073,Andy Garcia
4074,Andie MacDowell
4075,Amy Schumer
4076,Adriana Barraza
4077,Benedict Cumberbatch
4078,Amber Heard
4079,Angelina Jolie
4080,Angela Bassett
4081,Bernie Mac
4082,Barabara Palvin
4083,Bill Paxton
4084,Anna Kendrick
4085,Audrey Tautou
4086,Barabara Palvin
4087,Amanda Bynes
4088,Alexandra Daddario
4089,bella thorne
4090,Barry Pepper
4091,Amanda Seyfried
4092,Ashton Kutcher
4093,Anthony Perkins
4094,Albert Brooks
4095,Bill Paxton
4096,Ashley Graham
4097,Andy Samberg
4098,Anderson Cooper
4099,Bill Paxton
4100,Alicia Vikander
4101,Anna Paquin
4102,Alan Alda
4103,Art Carney
4104,Bill O Reilly
4105,AnnaSophia Robb
4106,Andy Serkis
4107,Billy Bob Thornton
4108,Andy Garcia
4109,Aaron Paul
4110,Alx James
4111,Art Carney
4112,Bill Hader
4113,Al Pacino
4114,Adriana Lima
4115,Adriana Lima
4116,Analeigh Tipton
4117,Al Roker
4118,Alicia Vikander
4119,Antonio Banderas
4120,Anne Hathaway
4121,Anna Kendrick
4122,Albert Finney
4123,Betty White
4124,Amanda Seyfried
4125,Ashton Kutcher
4126,Andreea Diaconu
4127,Alan Alda
4128,Adele
4129,Alessandra Ambrosio
4130,Alice Eve
4131,Al Roker
4132,Alec Baldwin
4133,Andreea Diaconu
4134,Arnold Schwarzenegger
4135,Alexander Skarsgard
4136,Andy Murray
4137,Adriana Lima
4138,Ali Larter
4139,Andrew Lincoln
4140,Berenice Bejo
4141,Andrew Lincoln
4142,Al Roker
4143,Ashton Kutcher
4144,Adrien Brody
4145,AnnaSophia Robb
4146,Andrew Lincoln
4147,Adele
4148,Bill Rancic
4149,Ashley Graham
4150,Ava Gardner
4151,bella thorne
4152,Alexandra Daddario
4153,Andy Murray
4154,bella thorne
4155,Andy Garcia
4156,bella thorne
4157,Barabara Palvin
4158,Amanda Bynes
4159,Ava Gardner
4160,Andreea Diaconu
4161,Amber Heard
4162,Anna Faris
4163,Audrey Hepburn
4164,Alexandra Daddario
4165,Ashley Graham
4166,Andy Garcia
4167,Alx James
4168,Bette Midler
4169,Angelina Jolie
4170,Alice Eve
4171,Bette Midler
4172,AnnaSophia Robb
4173,Ben Kingsley
4174,Ashley Judd
4175,Bill Pullman
4176,Bella Hadid
4177,Alan Rickman
4178,Barbra Streisand
4179,Barry Pepper
4180,Berenice Bejo
4181,Andy Garcia
4182,Anna Sui
4183,Anthony Perkins
4184,Ashley Greene
4185,Bill Paxton
4186,Albert Finney
4187,Barabara Palvin
4188,Bill Daley
4189,Alexandra Daddario
4190,Andy Murray
4191,Alexis Thorpe
4192,Barry Pepper
4193,Ashley Greene
4194,Annette Bening
4195,Alexandra Daddario
4196,Ben Affleck
4197,Ben Kingsley
4198,Aaron Taylor-Johnson
4199,Alexandra Daddario
4200,Ben Johnson
4201,Betty White
4202,Alice Eve
4203,Alec Baldwin
4204,Aaron Judge
4205,Betty White
4206,Ashley Judd
4207,Anthony Hopkins
4208,Ben Stiller
4209,Anderson Cooper
4210,Al Roker
4211,Alan Alda
4212,Bill Hader
4213,Amanda Crew
4214,Ashley Graham
4215,Ben Foster
4216,Aaron Taylor-Johnson
4217,Amanda Seyfried
4218,Barbra Streisand
4219,Angela Bassett
4220,Alessandra Ambrosio
4221,Ben Foster
4222,Adriana Barraza
4223,Alan Rickman
4224,Antonio Banderas
4225,Bernie Mac
4226,Abigail Breslin
4227,Adam Sandler
4228,Alexandra Daddario
4229,Ali Larter
4230,Ali Larter
4231,Ben Affleck
4232,Ben Affleck
4233,Annette Bening
4234,Bernie Mac
4235,Arnold Schwarzenegger
4236,Andy Samberg
4237,Andrew Luck
4238,Alicia Vikander
4239,Anthony Hopkins
4240,Bill Rancic
4241,Armin Mueller-Stahl
4242,Angelina Jolie
4243,Barabara Palvin
4244,Beyonce Knowles
4245,Amanda Peet
4246,Andie MacDowell
4247,Bette Midler
4248,Ben Foster
4249,Andy Garcia
4250,Bernie Mac
4251,Andy Murray
4252,Andy Garcia
4253,Aaron Paul
4254,Anna Paquin
4255,Albert Finney
4256,Akemi Darenogare
4257,Ben Johnson
4258,Anthony Hopkins
4259,Andrew Garfield
4260,Amanda Bynes
4261,Bernie Mac
4262,Benjamin Bratt
4263,Benicio Del Toro
4264,Annette Bening
4265,Arnold Schwarzenegger
4266,Alec Baldwin
4267,AnnaSophia Robb
4268,AnnaSophia Robb
4269,Andy Garcia
4270,Albert Finney
4271,Audrey Hepburn
4272,Angela Bassett
4273,Akemi Darenogare
4274,Alexis Thorpe
4275,Andy Garcia
4276,Betty White
4277,Al Roker
4278,Ashley Judd
4279,Art Carney
4280,Aaron Taylor-Johnson
4281,Adrianne Palicki
4282,Andy Serkis
4283,Anderson Cooper
4284,Barbra Streisand
4285,Ben Foster
4286,Alx James
4287,Bill Pullman
4288,Adele
4289,Andrew Garfield
4290,Ben Affleck
4291,Angelina Jolie
4292,Bernie Mac
4293,Barry Pepper
4294,Andy Murray
4295,Alx James
4296,Armin Mueller-Stahl
4297,Angela Bassett
4298,Anna Kendrick
4299,Anjelica Huston
4300,Anne Bancroft
4301,Andrew Garfield
4302,Andy Samberg
4303,Anna Sui
4304,Bill Paxton
4305,Angela Bassett
4306,Anthony Perkins
4307,Alicia Vikander
4308,Barabara Palvin
4309,Anthony Mackie
4310,Ashley Graham
4311,Angela Bassett
4312,Alex Pettyfer
4313,Anthony Perkins
4314,Barbra Streisand
4315,Al Roker
4316,Ben Foster
4317,Aaron Judge
4318,Alx James
4319,Ben Kingsley
4320,Ben Stiller
4321,Audrey Hepburn
4322,Andrew Lincoln
4323,Alx James
4324,Ashley Judd
4325,Bill Murray
4326,Albert Brooks
4327,Anna Kendrick
4328,Andrew Luck
4329,Adam Sandler
4330,Al Roker
4331,Aaron Judge
4332,Anne Hathaway
4333,Bernie Mac
4334,Anna Friel
4335,Anna Paquin
4336,Adam Sandler
4337,Alex Pettyfer
4338,Bill O Reilly
4339,Bernie Mac
4340,Alexis Thorpe
4341,Alec Baldwin
4342,Andy Samberg
4343,Angela Bassett
4344,Adriana Lima
4345,Antonio Banderas
4346,Barabara Palvin
4347,Ashley Greene
4348,Andy Samberg
4349,Alex Pettyfer
4350,Albert Finney
4351,Betty White
4352,Aaron Judge
4353,Aaron Judge
4354,Audrey Hepburn
4355,Andrew Garfield
4356,Angela Bassett
4357,Ben Stiller
4358,Ava Gardner
4359,Adrien Brody
4360,Ben Stiller
4361,Alexandra Daddario
4362,Armin Mueller-Stahl
4363,Billy Bob Thornton
4364,Andreea Diaconu
4365,Anderson Cooper
4366,Alan Alda
4367,Barabara Palvin
4368,Andy Samberg
4369,Anjelica Huston
4370,Bill Rancic
4371,Ashley Greene
4372,Bill Hader
4373,Amanda Bynes
4374,Alan Rickman
4375,Bill Rancic
4376,Beyonce Knowles
4377,AnnaSophia Robb
4378,Amy Schumer
4379,Barabara Palvin
4380,Alx James
4381,Ashley Greene
4382,Albert Finney
4383,Anne Hathaway
4384,Beyonce Knowles
4385,Anthony Perkins
4386,Alan Alda
4387,Anthony Mackie
4388,Al Pacino
4389,Bill Hader
4390,Andrew Luck
4391,Bernie Mac
4392,Adrianne Palicki
4393,Benedict Cumberbatch
4394,Amy Adams
4395,Anthony Hopkins
4396,Adrien Brody
4397,Arnold Schwarzenegger
4398,Ben Foster
4399,Adrianne Palicki
4400,Anjelica Huston
4401,Armin Mueller-Stahl
4402,Billy Bob Thornton
4403,Amanda Peet
4404,Betty White
4405,Alexandra Daddario
4406,Anthony Perkins
4407,Bill Murray
4408,Amanda Seyfried
4409,Aaron Paul
4410,Amber Heard
4411,AnnaSophia Robb
4412,Arnold Schwarzenegger
4413,Amy Adams
4414,Adele
4415,Adrien Brody
4416,Analeigh Tipton
4417,Barbra Streisand
4418,Andie MacDowell
4419,Adam Sandler
4420,Alex Pettyfer
4421,Antonio Banderas
4422,Aaron Taylor-Johnson
4423,Ben Kingsley
4424,Ashton Kutcher
4425,Adriana Lima
4426,Amanda Bynes
4427,Andreea Diaconu
4428,Andreea Diaconu
4429,Andrew Garfield
4430,Ben Johnson
4431,Andy Murray
4432,Al Roker
4433,Ben Kingsley
4434,Ben Stiller
4435,Al Roker
4436,Bella Hadid
4437,Ben Johnson
4438,Billy Bob Thornton
4439,Ava Gardner
4440,Berenice Bejo
4441,Ashley Greene
4442,Ava Gardner
4443,Andrew Luck
4444,Akemi Darenogare
4445,Amy Adams
4446,Anthony Hopkins
4447,Ali Larter
4448,Ben Affleck
4449,Audrey Hepburn
4450,Anthony Hopkins
4451,Anne Bancroft
4452,Armin Mueller-Stahl
4453,Abigail Breslin
4454,Ashley Judd
4455,Anna Paquin
4456,Amanda Bynes
4457,Berenice Bejo
4458,Adriana Lima
4459,Bette Midler
4460,Ashley Judd
4461,Barbra Streisand
4462,Ben Johnson
4463,Anthony Perkins
4464,Ashton Kutcher
4465,Aaron Taylor-Johnson
4466,Arnold Schwarzenegger
4467,Amanda Bynes
4468,Ashton Kutcher
4469,Al Roker
4470,Ashley Greene
4471,Al Pacino
4472,Amanda Seyfried
4473,Ashley Graham
4474,Bill Rancic
4475,Albert Finney
4476,Andy Samberg
4477,Aaron Paul
4478,Aaron Taylor-Johnson
4479,Aaron Paul
4480,Armin Mueller-Stahl
4481,Bernie Mac
4482,Andy Samberg
4483,Alan Rickman
4484,Arnold Schwarzenegger
4485,Barabara Palvin
4486,Ben Kingsley
4487,bella thorne
4488,Andrew Lincoln
4489,Amanda Bynes
4490,Ben Johnson
4491,Benedict Cumberbatch
4492,Andy Samberg
4493,Ashley Graham
4494,Ava Gardner
4495,Anna Kendrick
4496,Albert Finney
4497,Ali Larter
4498,Adele
4499,Adele
4500,Bill Hader
4501,Abigail Breslin
4502,Al Pacino
4503,Benedict Cumberbatch
4504,Anjelica Huston
4505,Anne Hathaway
4506,Anderson Cooper
4507,Anthony Perkins
4508,Anna Kendrick
4509,Anna Faris
4510,Alicia Vikander
4511,Audrey Hepburn
4512,Billy Bob Thornton
4513,Billy Bob Thornton
4514,Ali Larter
4515,Ashley Graham
4516,Andrew Lincoln
4517,Albert Brooks
4518,Andie MacDowell
4519,Angela Bassett
4520,Ashley Judd
4521,Aaron Taylor-Johnson
4522,Ben Johnson
4523,Ali Larter
4524,Amber Heard
4525,Adele
4526,Ava Gardner
4527,Bella Hadid
4528,Alessandra Ambrosio
4529,Andy Garcia
4530,Adrien Brody
4531,Amanda Peet
4532,Beyonce Knowles
4533,Andrew Garfield
4534,Aaron Taylor-Johnson
4535,Al Pacino
4536,Andrew Luck
4537,Ben Affleck
4538,Audrey Hepburn
4539,Akemi Darenogare
4540,AnnaSophia Robb
4541,Benedict Cumberbatch
4542,Ashley Judd
4543,Aaron Judge
4544,Bill Daley
4545,Albert Finney
4546,Bette Midler
4547,Amanda Seyfried
4548,Andy Samberg
4549,bella thorne
4550,Audrey Tautou
4551,AnnaSophia Robb
4552,Amanda Peet
4553,Barry Pepper
4554,Al Roker
4555,Bella Hadid
4556,Audrey Hepburn
4557,Bernie Mac
4558,Andrew Lincoln
4559,Alx James
4560,Ashley Greene
4561,Barabara Palvin
4562,Amanda Bynes
4563,Amy Schumer
4564,Al Roker
4565,Ben Johnson
4566,Bella Hadid
4567,Ashley Graham
4568,Alex Pettyfer
4569,Bette Midler
4570,Amy Ryan
4571,Andy Samberg
4572,Alx James
4573,Bernie Mac
4574,Andy Serkis
4575,Alexander Skarsgard
4576,Aaron Taylor-Johnson
4577,Anjelica Huston
4578,Anne Baxter
4579,Ashley Graham
4580,Andy Murray
4581,Alice Eve
4582,Barbra Streisand
4583,Berenice Bejo
4584,Alice Eve
4585,Anna Kendrick
4586,Angelina Jolie
4587,Andy Serkis
4588,Ali Larter
4589,Ava Gardner
4590,Bill O Reilly
4591,Ben Johnson
4592,Adam Sandler
4593,Aaron Judge
4594,Amanda Seyfried
4595,Amy Schumer
4596,Alx James
4597,Adele
4598,Analeigh Tipton
4599,Benedict Cumberbatch
4600,Alx James
4601,Aaron Paul
4602,Anjelica Huston
4603,Adrien Brody
4604,Anne Hathaway
4605,Al Pacino
4606,Amanda Seyfried
4607,Andrew Lincoln
4608,Anjelica Huston
4609,Amy Schumer
4610,AnnaSophia Robb
4611,Betty White
4612,Alicia Vikander
4613,Al Roker
4614,Benedict Cumberbatch
4615,Alexander Skarsgard
4616,Andrew Luck
4617,Ali Larter
4618,Anjelica Huston
4619,Betty White
4620,Beyonce Knowles
4621,Aaron Judge
4622,Alessandra Ambrosio
4623,Anthony Mackie
4624,Benedict Cumberbatch
4625,Aaron Taylor-Johnson
4626,Andreea Diaconu
4627,Adriana Lima
4628,Angelina Jolie
4629,Bill Rancic
4630,Bill Pullman
4631,Audrey Hepburn
4632,Anthony Perkins
4633,Anna Paquin
4634,Barbra Streisand
4635,Anna Faris
4636,Alex Pettyfer
4637,Ashley Greene
4638,Ben Foster
4639,Ava Gardner
4640,Aaron Judge
4641,Alan Rickman
4642,Audrey Tautou
4643,Aaron Taylor-Johnson
4644,Anna Faris
4645,Ali Larter
4646,Betty White
4647,Antonio Banderas
4648,Benedict Cumberbatch
4649,Ashley Greene
4650,Art Carney
4651,Angelina Jolie
4652,Aaron Taylor-Johnson
4653,Barabara Palvin
4654,Anthony Hopkins
4655,Bill Daley
4656,Armin Mueller-Stahl
4657,Berenice Bejo
4658,Ben Kingsley
4659,Amy Ryan
4660,bella thorne
4661,Andie MacDowell
4662,Adrien Brody
4663,Amanda Seyfried
4664,Anne Bancroft
4665,Andy Samberg
4666,Alan Arkin
4667,Ashton Kutcher
4668,Aaron Taylor-Johnson
4669,Aaron Judge
4670,Alexis Thorpe
4671,Ali Larter
4672,Bill Hader
4673,Adrianne Palicki
4674,Betty White
4675,Bill Daley
4676,Albert Brooks
4677,Annette Bening
4678,Beyonce Knowles
4679,Angelina Jolie
4680,Anthony Hopkins
4681,Andreea Diaconu
4682,Amanda Seyfried
4683,Adriana Lima
4684,Bill Rancic
4685,Alan Arkin
4686,Akemi Darenogare
4687,Bella Hadid
4688,Al Pacino
4689,Audrey Hepburn
4690,Adrianne Palicki
4691,Alexandra Daddario
4692,Alan Rickman
4693,Anthony Hopkins
4694,Andrew Lincoln
4695,Berenice Bejo
4696,Alan Rickman
4697,Ben Kingsley
4698,Aaron Judge
4699,Adam Sandler
4700,Ben Kingsley
4701,Alan Rickman
4702,Amanda Crew
4703,Bella Hadid
4704,Audrey Hepburn
4705,Ashton Kutcher
4706,Adriana Lima
4707,Al Pacino
4708,Ben Foster
4709,Audrey Hepburn
4710,Anna Kendrick
4711,Abigail Breslin
4712,Bill Paxton
4713,Al Roker
4714,AnnaSophia Robb
4715,Analeigh Tipton
4716,Betty White
4717,Andie MacDowell
4718,Benedict Cumberbatch
4719,Betty White
4720,Betty White
4721,Ava Gardner
4722,Bill Rancic
4723,Anthony Hopkins
4724,Berenice Bejo
4725,Analeigh Tipton
4726,Ben Foster
4727,Anthony Mackie
4728,Armin Mueller-Stahl
4729,Ben Johnson
4730,Benedict Cumberbatch
4731,Berenice Bejo
4732,AnnaSophia Robb
4733,Amanda Peet
4734,Barry Pepper
4735,Ava Gardner
4736,Ben Affleck
4737,Adriana Lima
4738,Adriana Lima
4739,Analeigh Tipton
4740,Audrey Hepburn
4741,Andy Garcia
4742,Bill Daley
4743,Annette Bening
4744,Amy Adams
4745,Beyonce Knowles
4746,Adriana Barraza
4747,Alice Eve
4748,Andrew Lincoln
4749,Andrew Lincoln
4750,Amanda Peet
4751,Bernie Mac
4752,Bill Murray
4753,Anna Kendrick
4754,Amanda Bynes
4755,Bill Rancic
4756,Bill Paxton
4757,Alexandra Daddario
4758,Anne Baxter
4759,Alice Eve
4760,Alex Pettyfer
4761,Barbra Streisand
4762,Armin Mueller-Stahl
4763,Andreea Diaconu
4764,Abigail Breslin
4765,Anna Paquin
4766,Ben Stiller
4767,Anna Paquin
4768,Anna Faris
4769,Bernie Mac
4770,Barbra Streisand
4771,Ben Affleck
4772,Adrien Brody
4773,Anna Paquin
4774,Adrianne Palicki
4775,Bill Rancic
4776,Andy Samberg
4777,Ben Foster
4778,Ben Johnson
4779,Andy Serkis
4780,Amy Adams
4781,Ava Gardner
4782,Amanda Seyfried
4783,Anthony Perkins
4784,Ben Foster
4785,Ali Larter
4786,Alicia Vikander
4787,Amy Ryan
4788,Alan Rickman
4789,Amber Heard
4790,Ashley Judd
4791,Ashley Graham
4792,Alicia Vikander
4793,Barry Pepper
4794,Aaron Judge
4795,Adrien Brody
4796,Benedict Cumberbatch
4797,Bernie Mac
4798,Adele
4799,bella thorne
4800,Andie MacDowell
4801,Barbra Streisand
4802,Amanda Seyfried
4803,Ava Gardner
4804,Amanda Seyfried
4805,Andy Garcia
4806,Ashley Greene
4807,Alan Arkin
4808,AnnaSophia Robb
4809,Audrey Tautou
4810,Andrew Luck
4811,Anna Faris
4812,bella thorne
4813,Anne Baxter
4814,Ali Larter
4815,Angela Bassett
4816,Ashley Graham
4817,Bella Hadid
4818,Andy Samberg
4819,Bella Hadid
4820,Bill Pullman
4821,Anna Friel
4822,Ashley Judd
4823,Andy Murray
4824,Bill Murray
4825,Anthony Perkins
4826,Audrey Hepburn
4827,Ben Stiller
4828,Andy Murray
4829,Albert Brooks
4830,Albert Finney
4831,Adam Sandler
4832,Alexandra Daddario
4833,bella thorne
4834,Anna Kendrick
4835,Ashley Judd
4836,Akemi Darenogare
4837,Bill Daley
4838,Adrien Brody
4839,Anna Friel
4840,Aaron Paul
4841,Anne Baxter
4842,Bill Pullman
4843,Ben Foster
4844,Andrew Lincoln
4845,Bernie Mac
4846,Anna Friel
4847,Alexis Thorpe
4848,Aaron Judge
4849,Akemi Darenogare
4850,Arnold Schwarzenegger
4851,Armin Mueller-Stahl
4852,Al Pacino
4853,Alan Rickman
4854,Barbra Streisand
4855,Betty White
4856,Alexandra Daddario
4857,Al Roker
4858,Bill Hader
4859,Amber Heard
4860,Alexander Skarsgard
4861,Ben Foster
4862,Anne Baxter
4863,Barbra Streisand
4864,Bill O Reilly
4865,Bill Paxton
4866,Anna Paquin
4867,Andie MacDowell
4868,Aaron Judge
4869,Anne Baxter
4870,Barbra Streisand
4871,Arnold Schwarzenegger
4872,Adrianne Palicki
4873,Alicia Vikander
4874,Adele
4875,Alicia Vikander
4876,Adriana Lima
4877,Adriana Lima
4878,Benedict Cumberbatch
4879,Ben Johnson
4880,Albert Finney
4881,Andrew Lincoln
4882,Bella Hadid
4883,Alexander Skarsgard
4884,Amy Adams
4885,Andrew Lincoln
4886,Anthony Perkins
4887,Alexis Thorpe
4888,Andrew Garfield
4889,Alessandra Ambrosio
4890,Aaron Paul
4891,Al Pacino
4892,Antonio Banderas
4893,Andy Garcia
4894,Anna Paquin
4895,Amanda Bynes
4896,Amanda Bynes
4897,AnnaSophia Robb
4898,Adriana Barraza
4899,Anthony Mackie
4900,Aaron Paul
4901,Anne Baxter
4902,Aaron Judge
4903,Audrey Hepburn
4904,Bill O Reilly
4905,Al Roker
4906,Bill Rancic
4907,Al Pacino
4908,Bernie Mac
4909,Ben Johnson
4910,Audrey Hepburn
4911,Andrew Luck
4912,Arnold Schwarzenegger
4913,Ashley Greene
4914,Ben Affleck
4915,Anne Baxter
4916,Amy Schumer
4917,Alan Alda
4918,Alan Rickman
4919,Alx James
4920,Betty White
4921,Amy Ryan
4922,Bella Hadid
4923,Andrew Luck
4924,Betty White
4925,Ava Gardner
4926,Ben Johnson
4927,Audrey Hepburn
4928,Bill O Reilly
4929,Amanda Bynes
4930,Alex Pettyfer
4931,Ashley Greene
4932,Aaron Taylor-Johnson
4933,Angela Bassett
4934,Ben Kingsley
4935,Ashley Graham
4936,Bill O Reilly
4937,Aaron Judge
4938,Angelina Jolie
4939,Al Roker
4940,Alexis Thorpe
4941,Ashton Kutcher
4942,Anne Baxter
4943,Ashley Graham
4944,Al Pacino
4945,Ashley Judd
4946,Angela Bassett
4947,Bill O Reilly
4948,Alexander Skarsgard
4949,Anne Bancroft
4950,Alan Alda
4951,Bill Daley
4952,Anna Faris
4953,Alec Baldwin
4954,Anjelica Huston
4955,Albert Finney
4956,Alx James
4957,Alexander Skarsgard
4958,Bill Murray
4959,Amanda Bynes
4960,Anjelica Huston
4961,Anthony Mackie
4962,Alec Baldwin
4963,Al Pacino
4964,Anne Bancroft
4965,Andy Garcia
4966,Andrew Lincoln
4967,Art Carney
4968,Anthony Perkins
4969,Bill Pullman
4970,Amanda Bynes
4971,Anna Paquin
4972,Barabara Palvin
4973,Barbra Streisand
4974,Antonio Banderas
4975,Amanda Crew
4976,bella thorne
